10:100177049,1,1,0,1,1,1,1,-1
10:102746231,1,1,1,0,0,0,0,-1
10:103368654,1,0,0,1,1,1,1,-1
10:104239100,0,0,0,1,1,0,1,-1
10:106022789,1,1,0,1,0,0,0,-1
10:114205389,0,1,1,0,0,1,1,-1
10:114810240,0,1,0,0,1,1,1,-1
10:115910928,1,0,0,1,0,1,1,-1
10:115922492,1,0,0,0,0,0,0,-1
10:116593175,0,1,1,1,0,0,0,-1
10:116719543,1,1,1,1,1,0,1,-1
10:119250211,0,1,0,1,1,0,1,-1
10:120927544,1,1,0,1,1,1,1,-1
10:124749740,0,1,1,1,0,0,0,-1
10:125505401,0,1,0,1,1,1,0,-1
10:129899578,1,1,0,1,0,0,1,-1
10:129907489,0,0,0,0,0,1,1,-1
10:13239651,1,0,0,0,0,1,0,-1
10:134188874,0,1,0,1,1,1,0,-1
10:135204950,0,0,0,0,0,1,1,-1
10:17636309,1,0,1,0,0,1,1,-1
10:23408278,1,1,0,1,0,1,1,-1
10:25137772,0,0,1,1,0,0,1,-1
10:30728101,1,1,0,1,0,0,0,-1
10:3180227,0,0,1,1,1,0,0,-1
10:49790972,1,0,1,0,0,1,0,-1
10:53084089,0,0,0,1,1,1,0,-1
10:54074757,0,1,1,0,0,0,0,-1
10:6001409,1,0,0,0,0,1,1,-1
10:61665886,0,1,0,0,0,1,1,-1
10:64914467,0,0,1,0,1,1,0,-1
10:69971332,1,1,1,1,1,1,0,-1
10:70105560,0,1,0,0,0,0,0,-1
10:73773014,0,1,0,1,1,1,1,-1
10:73856984,1,1,0,1,0,1,1,-1
10:74490023,1,0,0,0,0,0,0,-1
10:7849688,0,1,1,1,1,0,1,-1
10:8006798,0,1,1,1,1,1,1,-1
10:80208772,1,1,1,1,1,0,1,-1
10:81852059,1,0,1,1,1,1,1,-1
10:88730312,1,1,1,1,1,1,1,-1
10:91066769,1,0,0,1,0,1,1,-1
10:91479211,0,1,0,0,0,1,0,-1
10:91498254,0,0,1,1,0,0,1,-1
10:95454681,1,0,0,0,0,0,1,-1
11:102713620,1,1,1,1,1,1,0,-1
11:108239628,0,1,0,1,1,1,0,-1
11:111431614,0,1,0,1,0,0,1,-1
11:117039797,1,0,1,1,1,1,0,-1
11:117156552,1,1,0,0,1,1,0,-1
11:117283676,1,0,1,1,1,0,1,-1
11:125763746,1,1,1,0,1,1,0,-1
11:126524401,0,0,0,1,0,0,1,-1
11:126800249,1,1,0,0,0,0,1,-1
11:13483590,0,1,0,1,0,1,1,-1
11:17160148,0,1,0,0,1,1,0,-1
11:17351683,1,0,1,0,0,1,1,-1
11:19245854,0,1,1,1,1,0,0,-1
11:2943671,1,0,1,1,1,0,1,-1
11:33726980,1,0,1,1,1,1,1,-1
11:34910397,1,1,1,1,0,1,0,-1
11:35528204,0,0,1,1,0,1,1,-1
11:35546732,1,1,0,1,1,0,1,-1
11:45931502,1,1,1,0,1,1,0,-1
11:45934697,1,1,1,0,1,1,0,-1
11:48115089,1,1,0,1,1,0,1,-1
11:57319339,1,1,1,0,0,1,1,-1
11:62458275,1,0,1,1,0,0,1,-1
11:6340706,1,1,1,0,1,1,0,-1
11:63991801,1,0,0,0,0,1,0,-1
11:65109233,0,0,0,0,1,1,0,-1
11:65665200,0,0,0,0,1,1,0,-1
11:66083129,1,1,0,0,1,1,1,-1
11:67202826,1,0,1,0,1,1,1,-1
11:67352689,0,0,1,0,1,1,1,-1
11:67353970,0,0,1,0,1,1,1,-1
11:67395714,0,0,1,0,1,1,1,-1
11:674499,0,0,1,1,1,1,1,-1
11:68458470,0,0,1,1,1,1,0,-1
11:68512543,1,0,0,1,0,1,0,-1
11:70282629,1,1,1,0,1,1,1,-1
11:75283653,1,1,1,0,0,0,1,-1
11:7686674,0,0,1,0,1,1,0,-1
11:772490,0,1,1,1,1,1,0,-1
11:810882,1,0,0,0,0,0,1,-1
11:825110,1,0,1,1,0,1,1,-1
11:840363,1,0,1,1,1,1,1,-1
11:870446,1,0,1,1,1,1,1,-1
11:88064750,0,0,0,0,0,1,1,-1
11:8852239,0,1,0,1,0,1,1,-1
11:9304120,1,1,1,0,1,1,1,-1
11:9311128,1,1,1,0,1,1,1,-1
11:93495975,1,0,0,1,0,1,1,-1
11:94620657,1,0,0,0,1,1,1,-1
11:95564259,1,0,1,0,1,1,1,-1
11:95565288,1,0,0,0,1,1,1,-1
11:96011351,0,0,1,1,1,1,1,-1
11:96029482,1,0,1,1,0,0,1,-1
11:9769562,1,0,1,1,0,1,1,-1
11:9800601,1,0,1,1,0,1,1,-1
12:10069302,0,1,1,1,1,0,0,-1
12:105567611,1,1,1,1,1,1,0,-1
12:106903674,1,1,1,1,1,0,1,-1
12:109994870,1,1,1,0,0,0,0,-1
12:10999708,1,0,0,0,1,0,0,-1
12:10999780,1,0,1,0,1,1,0,-1
12:110341933,0,0,1,0,1,1,1,-1
12:118855405,1,1,0,1,0,1,1,-1
12:120162346,0,1,1,0,0,1,1,-1
12:120565188,0,1,0,1,1,1,1,-1
12:121441461,0,1,0,1,1,0,1,-1
12:122219787,1,1,1,1,0,0,1,-1
12:122812503,1,1,1,1,0,0,0,-1
12:133331537,0,0,1,1,1,1,1,-1
12:13350245,1,1,1,1,1,0,1,-1
12:13358206,1,1,1,0,0,0,1,-1
12:14656768,1,1,1,1,0,0,0,-1
12:16628687,1,0,0,0,0,1,1,-1
12:25362217,0,1,0,0,1,1,1,-1
12:27746753,1,1,0,0,1,1,0,-1
12:28605426,1,0,0,0,1,0,0,-1
12:31824971,1,1,1,1,1,0,1,-1
12:32422835,0,1,0,1,0,0,0,-1
12:42475888,1,1,1,1,1,0,1,-1
12:4462146,0,1,0,1,0,0,1,-1
12:50412911,0,1,0,1,0,0,0,-1
12:51203371,1,1,0,1,0,1,0,-1
12:56822378,1,1,1,1,1,1,1,-1
12:57489709,0,1,0,1,0,0,0,-1
12:62696599,1,1,1,0,1,1,0,-1
12:6450945,1,0,1,1,1,0,1,-1
12:66358347,1,1,1,1,1,1,1,-1
12:66359752,1,1,1,1,1,1,1,-1
12:6840209,1,1,1,1,1,0,0,-1
12:69108909,0,1,0,1,1,1,1,-1
12:69980028,0,0,0,1,0,0,1,-1
12:69995273,1,0,1,0,1,0,0,-1
12:7053149,1,0,1,1,0,1,1,-1
12:72015050,1,1,1,1,0,1,0,-1
12:88440676,1,1,1,1,0,1,1,-1
12:88505078,1,0,0,0,0,0,0,-1
12:93196422,0,1,1,1,0,1,1,-1
12:93202801,1,1,1,1,0,0,1,-1
12:96259992,1,0,0,0,0,0,1,-1
12:99007356,1,1,1,1,1,1,1,-1
12:99007623,1,1,1,1,1,1,1,-1
13:102357497,0,1,1,1,1,1,0,-1
13:102370995,0,0,0,0,0,0,1,-1
13:102400884,1,1,0,1,1,0,1,-1
13:103330718,0,1,1,1,1,1,1,-1
13:108239154,1,0,1,0,0,0,0,-1
13:111165188,1,1,1,1,1,1,1,-1
13:111319754,1,1,0,0,1,1,0,-1
13:114156093,1,0,0,1,0,0,0,-1
13:114470053,0,0,0,1,1,0,0,-1
13:21728134,1,0,0,0,0,0,1,-1
13:25821603,1,0,0,1,0,1,0,-1
13:28009569,0,0,0,0,0,0,0,-1
13:28014173,1,0,0,0,0,1,0,-1
13:28197436,0,0,1,1,1,0,1,-1
13:33850026,0,0,1,1,1,1,1,-1
13:49884055,1,0,1,0,1,1,0,-1
13:50080847,1,1,1,1,0,0,1,-1
13:50275515,0,0,0,1,1,1,1,-1
13:75884290,0,1,0,1,1,0,1,-1
13:93977696,0,1,1,0,0,0,1,-1
13:94114595,0,0,1,0,0,0,1,-1
14:102815042,1,1,1,1,0,1,0,-1
14:105225979,1,1,1,0,0,1,0,-1
14:105954705,1,1,0,1,0,0,1,-1
14:20920250,1,1,0,0,0,1,1,-1
14:21955930,1,1,0,1,0,0,1,-1
14:23299135,1,1,0,1,1,0,1,-1
14:23299286,0,1,0,0,0,0,0,-1
14:24679877,1,1,1,1,1,1,0,-1
14:24909281,1,0,0,1,0,1,0,-1
14:24909362,1,0,0,1,0,1,0,-1
14:25281843,1,1,1,0,1,1,0,-1
14:30045978,0,1,0,0,0,1,0,-1
14:50044392,1,1,1,0,0,1,0,-1
14:55604935,0,0,1,1,1,1,1,-1
14:55605036,0,0,1,1,1,1,1,-1
14:58831142,1,1,1,0,0,0,0,-1
14:59939727,1,1,1,1,1,1,1,-1
14:61176485,0,0,0,0,0,1,0,-1
14:69392264,1,1,0,0,0,1,1,-1
14:71373580,1,1,1,0,1,0,1,-1
14:74197163,1,0,0,1,0,0,1,-1
14:74428445,1,1,1,1,0,1,1,-1
14:75520065,0,0,1,1,0,1,1,-1
14:91095838,1,1,0,1,0,0,1,-1
14:92537379,0,0,0,0,0,0,0,-1
14:95646020,1,1,0,1,0,0,0,-1
14:96560092,1,1,0,1,1,1,1,-1
15:100136381,0,1,1,0,1,1,1,-1
15:100269680,0,0,1,1,0,1,0,-1
15:101456783,0,1,0,1,1,0,1,-1
15:31231190,1,0,0,0,0,0,0,-1
15:31231255,0,1,1,1,1,1,1,-1
15:33023985,0,1,0,1,0,0,0,-1
15:38558974,0,1,1,0,0,1,1,-1
15:40161267,0,1,1,1,1,1,1,-1
15:40195874,0,1,0,1,1,1,1,-1
15:40710723,1,0,0,1,0,1,0,-1
15:40913840,1,0,1,0,0,0,1,-1
15:41106485,1,0,1,1,1,0,1,-1
15:42211486,1,0,0,1,1,0,1,-1
15:43620073,1,0,0,0,1,0,1,-1
15:52852610,1,0,0,0,0,1,1,-1
15:55611126,1,1,1,1,1,0,0,-1
15:55653031,1,0,1,1,0,0,0,-1
15:55759193,0,1,1,0,1,1,1,-1
15:59323048,0,1,0,1,1,1,1,-1
15:59931131,0,1,1,0,0,0,1,-1
15:60687844,0,0,0,0,1,0,0,-1
15:63351840,1,1,0,1,0,1,1,-1
15:63434110,1,1,0,1,0,1,1,-1
15:63494159,1,1,0,1,0,1,1,-1
15:65255704,1,1,0,1,1,0,1,-1
15:67161522,0,1,1,0,1,1,1,-1
15:67221050,1,1,1,1,0,1,1,-1
15:71722819,1,0,1,0,0,0,1,-1
15:74275676,1,1,1,0,0,1,0,-1
15:74338939,1,1,1,0,0,0,0,-1
15:75212357,0,1,1,1,0,1,1,-1
15:77697703,1,1,1,0,0,1,1,-1
15:78841220,1,1,1,1,1,1,1,-1
15:80137560,0,0,0,0,0,1,1,-1
15:86103176,1,1,0,1,1,1,1,-1
15:86229618,0,0,0,0,0,1,0,-1
15:89056040,1,1,0,0,1,0,1,-1
15:90439960,1,0,1,1,1,1,1,-1
15:90772831,1,1,0,1,1,1,1,-1
15:90814664,1,1,0,1,0,0,0,-1
15:91045419,1,1,1,0,0,1,1,-1
15:92658852,1,0,0,0,0,0,1,-1
15:92706594,1,1,0,0,1,1,0,-1
16:107275,0,1,0,1,0,0,0,-1
16:15131962,1,1,1,1,1,0,1,-1
16:15131974,1,1,1,1,1,0,1,-1
16:15818842,0,1,0,0,0,0,0,-1
16:16236650,0,1,0,1,1,1,1,-1
16:18804591,0,0,0,0,0,0,0,-1
16:1890056,0,0,0,1,0,0,0,-1
16:22345191,1,0,1,0,1,1,0,-1
16:23143876,1,1,1,1,0,1,1,-1
16:2821573,1,0,1,1,0,1,1,-1
16:28995757,0,0,0,1,0,1,1,-1
16:2949248,1,1,1,1,1,1,1,-1
16:29833488,1,1,1,0,0,1,0,-1
16:30999142,1,1,1,1,0,1,0,-1
16:31102321,1,1,1,1,0,1,0,-1
16:3586230,0,0,0,1,1,0,1,-1
16:48394626,1,0,0,0,0,0,1,-1
16:4847317,0,1,0,0,1,1,1,-1
16:5075226,1,1,0,0,1,1,1,-1
16:54123512,0,0,1,1,1,0,1,-1
16:54318172,1,1,0,1,0,0,0,-1
16:54968239,0,0,0,0,0,0,0,-1
16:55539614,1,0,1,1,0,1,1,-1
16:58552845,0,0,0,1,0,0,1,-1
16:65025718,1,1,0,0,0,1,1,-1
16:67691668,1,1,0,1,1,0,1,-1
16:69743760,1,0,0,1,0,0,0,-1
16:69745145,0,1,0,0,0,0,1,-1
16:69975360,0,1,0,0,0,1,1,-1
16:71678932,0,0,0,1,0,1,1,-1
16:72146570,1,1,1,1,1,0,1,-1
16:75327916,0,0,1,0,1,1,1,-1
16:75690279,0,0,0,0,0,0,1,-1
16:81061827,1,0,0,0,0,1,1,-1
16:82817263,1,1,1,1,1,1,1,-1
16:83817019,1,0,0,0,1,0,0,-1
16:84522897,1,1,1,0,1,1,1,-1
16:84599530,0,0,1,0,0,1,1,-1
16:88709737,1,1,1,0,0,0,1,-1
16:88713236,1,1,0,1,0,0,0,-1
16:88781614,1,1,0,1,1,1,1,-1
16:88880480,1,0,0,1,1,1,0,-1
16:8889628,1,0,0,1,0,1,1,-1
16:89350038,0,0,0,1,0,1,1,-1
16:89350178,0,0,0,0,0,1,1,-1
16:8947036,1,0,1,0,0,1,0,-1
17:10082256,1,1,1,1,0,1,0,-1
17:10614442,1,1,1,0,0,1,0,-1
17:12895815,1,0,1,1,0,1,0,-1
17:1683012,1,0,0,1,1,0,1,-1
17:17409560,1,0,0,1,0,0,0,-1
17:1801144,0,1,1,1,0,0,1,-1
17:1801189,0,1,1,1,0,0,1,-1
17:18834258,1,0,0,1,0,1,0,-1
17:19580494,0,1,1,1,1,0,1,-1
17:1966457,1,1,1,0,0,0,1,-1
17:20903080,0,0,1,1,0,1,0,-1
17:27760143,1,1,1,1,0,0,0,-1
17:3631118,1,0,1,1,0,0,1,-1
17:36889559,1,1,1,0,0,0,1,-1
17:36922196,1,1,1,0,1,0,1,-1
17:4060482,1,1,1,0,0,0,1,-1
17:40706906,0,1,1,1,1,0,1,-1
17:40818699,0,1,1,1,1,0,1,-1
17:4574751,0,1,1,1,0,1,1,-1
17:46103760,0,0,0,1,0,1,1,-1
17:46669430,1,0,1,0,1,0,0,-1
17:47007963,0,0,0,0,1,1,0,-1
17:48563234,0,1,0,1,0,1,1,-1
17:5336058,1,0,0,1,1,0,0,-1
17:61901197,1,1,1,1,0,0,0,-1
17:61908556,0,0,0,0,1,1,1,-1
17:62174960,0,0,0,0,1,0,0,-1
17:6902760,0,1,1,0,0,1,0,-1
17:70849572,0,0,0,0,1,1,1,-1
17:7163739,0,0,1,1,1,1,1,-1
17:7215142,1,1,1,0,1,0,1,-1
17:7217463,1,0,0,1,0,1,1,-1
17:7410212,0,0,0,1,1,1,0,-1
17:7417663,0,1,0,1,1,1,0,-1
17:7491177,0,1,1,0,1,0,1,-1
17:7529902,0,1,0,1,0,1,0,-1
17:75344736,1,1,0,1,1,1,0,-1
17:7606722,0,0,0,1,0,0,1,-1
17:76221428,0,0,1,1,1,1,0,-1
17:78939857,1,1,1,0,1,1,1,-1
17:79433106,0,0,0,0,0,1,1,-1
17:79994026,0,1,0,0,0,0,1,-1
17:80572628,1,0,1,1,1,1,1,-1
17:80969550,1,1,0,1,0,0,0,-1
17:814320,1,1,0,1,0,0,0,-1
17:8279324,1,1,1,0,1,1,0,-1
17:9395231,0,1,0,1,1,0,1,-1
17:986742,1,1,0,1,0,1,1,-1
18:22033261,1,1,1,0,0,0,0,-1
18:319446,0,0,0,0,1,1,1,-1
18:319935,1,1,0,1,0,1,1,-1
18:46094791,0,1,0,0,1,0,1,-1
18:51681244,1,1,0,0,1,1,0,-1
18:51820805,1,0,1,0,0,1,1,-1
18:5236926,0,1,1,0,0,1,1,-1
18:5246398,0,1,1,0,0,1,1,-1
18:55268486,1,1,1,1,0,0,1,-1
18:55404767,1,0,1,1,1,0,0,-1
18:56151138,1,1,1,1,0,0,1,-1
18:57100768,0,1,1,0,0,0,1,-1
18:57181744,0,1,1,0,0,0,1,-1
18:61654463,1,1,1,1,0,0,1,-1
18:673086,0,0,0,0,0,1,1,-1
18:691266,1,1,1,1,1,0,0,-1
18:77730807,1,1,0,0,1,1,1,-1
18:77794810,1,1,1,0,1,1,1,-1
18:9219662,0,1,0,0,1,1,1,-1
18:9255982,1,1,0,0,1,1,1,-1
18:9860781,1,1,1,1,0,0,1,-1
19:10070500,1,1,1,0,1,1,1,-1
19:10444603,0,0,0,1,0,1,0,-1
19:1088285,0,1,0,0,1,0,0,-1
19:1106615,1,0,1,1,1,0,1,-1
19:11105608,1,1,1,0,0,0,1,-1
19:11256285,0,1,0,1,1,1,1,-1
19:11275139,0,1,0,1,1,1,0,-1
19:11276744,0,0,0,0,1,0,0,-1
19:13010520,0,1,1,1,1,0,0,-1
19:15270583,0,0,1,1,0,0,0,-1
19:16244226,1,1,0,1,1,0,1,-1
19:16439390,0,1,1,0,0,0,1,-1
19:17339112,0,0,0,0,0,1,1,-1
19:17531450,1,1,1,1,1,0,0,-1
19:18288069,0,0,1,0,1,1,1,-1
19:18288898,1,1,0,1,0,0,0,-1
19:18703077,1,1,1,0,1,0,1,-1
19:19011244,0,0,0,0,1,0,1,-1
19:19287901,1,1,0,1,1,1,1,-1
19:19287928,0,1,1,0,0,0,1,-1
19:20730485,1,1,1,1,1,1,0,-1
19:2274578,0,0,0,0,0,0,1,-1
19:2997897,0,0,1,1,1,0,1,-1
19:33370070,1,1,0,1,1,1,0,-1
19:33370084,1,1,0,1,1,1,0,-1
19:33698291,1,0,0,1,0,0,0,-1
19:35660508,0,0,0,0,0,1,0,-1
19:37441111,1,0,1,1,1,1,1,-1
19:3767265,0,1,0,1,1,1,0,-1
19:39369369,0,0,1,1,1,1,1,-1
19:39433299,1,0,0,1,0,0,0,-1
19:39924129,1,1,0,0,1,1,0,-1
19:41302706,0,0,1,1,1,0,1,-1
19:41869392,0,1,0,1,1,1,0,-1
19:41939297,1,1,0,0,0,1,0,-1
19:44090195,1,1,1,1,1,1,0,-1
19:4502201,0,1,0,1,1,0,1,-1
19:45382034,0,0,1,1,1,0,0,-1
19:45854919,0,0,0,1,1,1,1,-1
19:45978375,1,1,1,0,1,1,1,-1
19:46030154,0,1,1,0,0,0,0,-1
19:46052454,0,1,1,1,1,1,0,-1
19:49949652,0,1,1,0,1,1,1,-1
19:50479999,0,0,0,0,0,0,1,-1
19:51850290,1,0,0,1,1,1,1,-1
19:52735298,0,0,0,0,0,0,0,-1
19:582775,1,1,1,1,1,0,1,-1
19:58379892,0,1,0,1,1,1,1,-1
19:58866434,1,1,1,1,1,1,1,-1
19:6436222,1,0,0,1,1,1,1,-1
19:6751293,0,0,1,1,1,0,0,-1
19:868115,1,1,0,0,0,0,0,-1
1:10502710,0,0,0,0,0,1,0,-1
1:109470126,1,0,0,1,0,0,1,-1
1:109605378,0,1,0,1,1,1,0,-1
1:110279701,0,1,1,1,1,1,0,-1
1:113455099,1,1,0,1,1,1,1,-1
1:11810674,1,1,0,1,0,0,1,-1
1:11846252,0,1,0,0,0,1,1,-1
1:147119273,0,1,0,0,1,1,1,-1
1:150199123,1,1,1,1,1,1,1,-1
1:150542128,1,1,1,1,0,0,1,-1
1:150782797,0,1,0,0,1,1,1,-1
1:151374025,1,0,1,1,0,1,0,-1
1:151668295,1,0,0,0,1,1,1,-1
1:151733335,1,1,0,0,1,1,1,-1
1:153634058,1,1,0,1,1,1,1,-1
1:154179679,1,1,1,1,1,1,1,-1
1:154243115,0,1,1,1,1,1,1,-1
1:1551927,0,0,0,1,0,1,0,-1
1:156100739,0,1,0,0,1,0,1,-1
1:156107534,1,1,1,1,0,0,0,-1
1:160303416,0,0,0,0,1,1,0,-1
1:161928327,1,0,0,0,0,1,1,-1
1:165624799,1,1,1,1,1,0,0,-1
1:165631670,1,0,1,0,0,1,0,-1
1:167759281,1,0,1,1,1,1,0,-1
1:171765964,0,1,1,1,0,0,0,-1
1:172410967,0,0,1,0,1,1,1,-1
1:17301780,1,1,1,1,1,1,1,-1
1:173457599,1,1,0,1,0,0,0,-1
1:180169330,1,1,1,1,0,1,0,-1
1:183596136,1,0,1,1,0,1,1,-1
1:20008880,1,1,0,1,0,1,0,-1
1:201938995,1,0,1,1,0,1,1,-1
1:202849723,1,0,1,0,0,0,1,-1
1:206668239,1,0,1,1,0,1,1,-1
1:209955848,1,1,0,1,1,1,1,-1
1:212619339,1,1,1,1,0,1,0,-1
1:212911836,1,0,1,0,1,1,0,-1
1:213311427,1,0,0,0,1,1,0,-1
1:214837110,1,0,0,1,1,0,1,-1
1:220154768,1,0,1,0,0,1,1,-1
1:224346959,0,1,0,0,0,0,1,-1
1:225607144,0,0,1,0,0,1,0,-1
1:227920061,1,1,1,1,1,0,1,-1
1:228290051,0,0,0,1,0,0,1,-1
1:236714064,0,0,0,1,0,1,0,-1
1:23884661,1,0,1,1,1,1,1,-1
1:240633273,1,1,1,1,1,0,0,-1
1:240679626,1,1,1,0,0,1,1,-1
1:240695255,0,0,1,1,0,0,1,-1
1:243579112,1,0,1,0,1,0,1,-1
1:247151557,1,0,0,1,1,1,1,-1
1:247162658,0,0,0,1,1,1,0,-1
1:25073571,1,0,1,1,1,0,0,-1
1:25889632,0,1,0,0,1,1,1,-1
1:26786627,0,0,1,1,1,0,1,-1
1:32669981,0,0,0,0,0,0,0,-1
1:34359858,1,1,1,1,0,1,0,-1
1:36910277,1,1,1,1,0,1,0,-1
1:39352271,1,1,1,1,1,1,1,-1
1:40219065,1,1,1,0,1,0,1,-1
1:40306898,1,1,1,1,0,1,1,-1
1:43632536,1,0,1,1,1,1,0,-1
1:43872067,1,1,0,1,1,1,1,-1
1:44438974,0,0,1,0,0,1,0,-1
1:46195375,1,1,1,1,1,0,1,-1
1:47844464,1,1,0,1,1,1,0,-1
1:52373863,1,0,0,0,0,0,1,-1
1:53074532,1,1,1,0,1,1,1,-1
1:53153432,1,0,0,1,1,0,0,-1
1:54681920,0,0,0,0,1,0,1,-1
1:63918388,0,0,0,1,0,0,0,-1
1:64549091,1,0,0,1,1,1,0,-1
1:67122504,1,1,0,1,1,1,0,-1
1:67160602,1,1,0,1,1,1,0,-1
1:67236097,1,1,0,1,1,1,0,-1
1:68167491,1,1,1,1,1,0,1,-1
1:68658961,1,1,1,1,1,0,0,-1
1:75171211,1,1,1,1,1,0,1,-1
1:75171751,1,0,0,1,1,1,0,-1
1:77976117,0,0,0,1,0,0,1,-1
1:78392446,0,0,0,1,1,0,0,-1
1:85029077,0,1,1,0,1,0,1,-1
1:85113229,1,1,1,1,0,0,0,-1
1:85732941,1,1,1,1,1,1,1,-1
1:85889596,1,1,1,0,1,1,1,-1
1:85902045,1,0,0,1,0,1,0,-1
1:85933638,1,1,1,1,1,1,1,-1
1:85970975,1,1,1,1,1,1,0,-1
1:86820267,1,1,1,1,1,1,0,-1
1:87328308,1,1,1,1,0,1,1,-1
1:90373067,0,1,0,0,0,1,1,-1
1:92181670,0,0,1,0,1,1,1,-1
1:92224815,0,1,0,1,1,0,1,-1
1:93160902,0,0,1,0,0,1,0,-1
1:9427869,0,1,0,0,0,1,0,-1
1:94341267,0,0,1,0,1,1,1,-1
1:94353449,1,1,0,1,1,1,1,-1
1:94353573,1,1,0,1,1,1,1,-1
1:94689027,0,0,0,1,1,0,0,-1
1:949608,0,1,1,0,1,1,1,-1
1:97819405,1,0,1,0,0,0,0,-1
20:10386013,1,1,0,0,0,0,0,-1
20:10386059,1,1,0,0,0,0,0,-1
20:13747441,1,0,1,1,1,1,1,-1
20:17596155,0,0,0,1,0,1,0,-1
20:25207074,0,1,1,1,1,1,1,-1
20:25354561,0,1,1,1,1,1,1,-1
20:30157026,0,1,0,1,1,0,1,-1
20:32110204,1,1,1,0,1,1,1,-1
20:32295541,1,1,1,0,1,1,1,-1
20:33470694,0,1,0,0,1,1,1,-1
20:33864484,1,1,1,1,0,0,1,-1
20:35865054,0,1,1,0,1,1,1,-1
20:3838441,1,1,1,1,0,1,1,-1
20:39672618,1,1,1,1,0,0,1,-1
20:416149,1,0,1,0,1,0,1,-1
20:43278694,0,1,1,1,1,1,1,-1
20:43356156,0,1,0,1,0,1,0,-1
20:43629135,1,0,0,1,0,1,1,-1
20:43996012,1,0,1,0,0,1,1,-1
20:45187241,1,0,1,1,0,1,1,-1
20:47713063,0,1,0,1,1,1,1,-1
20:47859217,0,0,1,1,1,1,1,-1
20:48120777,0,1,1,0,0,1,0,-1
20:48273459,1,0,1,1,0,0,1,-1
20:48740545,1,1,0,1,0,0,1,-1
20:50213549,1,0,0,1,1,0,0,-1
20:52105972,0,0,1,1,0,1,1,-1
20:53262327,1,1,1,0,0,1,1,-1
20:53267627,1,0,1,1,1,1,0,-1
20:54961463,1,1,0,0,0,1,0,-1
20:54961541,0,1,0,1,0,0,0,-1
20:55088404,1,1,0,0,0,0,1,-1
20:57290347,1,1,1,1,0,1,1,-1
20:57290846,1,1,1,1,0,1,1,-1
20:57569816,1,1,1,1,1,1,1,-1
20:7961715,1,0,1,0,1,1,1,-1
20:7980390,1,0,1,0,0,1,1,-1
20:8755243,0,1,1,0,1,1,0,-1
21:30341891,1,1,1,1,1,0,0,-1
21:30408670,0,1,0,0,0,1,0,-1
21:34669381,1,1,1,1,1,1,1,-1
21:34809693,0,1,1,1,1,1,0,-1
21:35281393,0,0,1,1,1,1,1,-1
21:37507745,1,0,1,0,0,0,0,-1
21:37507769,1,1,1,1,1,1,0,-1
21:37518706,0,1,1,0,1,1,1,-1
21:44270229,1,1,1,0,1,0,1,-1
21:44324365,0,1,1,1,0,1,0,-1
21:45223997,1,0,1,0,1,1,1,-1
21:45404338,1,1,1,0,0,0,1,-1
21:46932328,1,1,1,1,0,0,1,-1
22:18220831,0,1,0,0,0,1,1,-1
22:19437938,0,1,1,1,1,1,0,-1
22:19930109,0,1,1,1,1,1,0,-1
22:20876509,1,1,0,0,0,1,0,-1
22:30184950,1,0,0,1,0,1,1,-1
22:33210005,1,1,1,1,1,1,0,-1
22:36622906,0,1,0,1,0,1,1,-1
22:38079239,0,1,0,1,0,1,1,-1
22:38140352,1,1,1,1,0,1,0,-1
22:38877461,0,1,1,0,0,1,1,-1
22:38879688,0,1,1,0,0,1,1,-1
22:41166135,1,1,0,1,1,1,0,-1
22:43558926,1,0,1,0,0,1,0,-1
22:43558972,0,1,0,1,0,0,1,-1
22:43559137,0,1,0,1,0,0,1,-1
22:43562829,0,0,1,1,1,1,1,-1
22:45931262,0,1,0,0,0,1,0,-1
22:47115825,1,0,1,0,1,1,0,-1
22:50357416,0,0,1,0,1,1,1,-1
22:50642777,1,1,0,1,1,1,1,-1
22:50868925,1,0,1,0,0,0,1,-1
22:50962208,0,0,0,1,1,1,0,-1
2:10050947,0,1,0,1,0,0,1,-1
2:10050960,0,1,0,1,0,0,1,-1
2:10059770,0,1,0,1,0,0,1,-1
2:10059844,0,1,0,1,0,0,1,-1
2:101622728,0,0,1,1,1,1,0,-1
2:102508146,1,0,1,0,1,1,1,-1
2:10271196,0,0,1,0,0,0,1,-1
2:102769373,0,0,0,0,0,1,0,-1
2:102788774,1,1,1,1,1,1,1,-1
2:10533921,0,1,1,0,1,1,1,-1
2:11300732,1,1,1,0,0,1,1,-1
2:113410015,0,0,1,1,1,1,1,-1
2:113513825,0,0,0,0,0,1,0,-1
2:114739110,1,1,1,0,1,1,0,-1
2:118575215,0,1,1,0,1,1,0,-1
2:120060082,1,0,0,0,1,1,1,-1
2:138771918,1,1,0,1,1,1,1,-1
2:149022674,1,0,0,0,1,0,1,-1
2:152146672,1,0,1,1,1,1,0,-1
2:157391734,0,0,1,0,0,0,0,-1
2:159364472,1,0,1,1,1,1,0,-1
2:162092640,1,0,1,0,1,1,1,-1
2:169597668,1,1,0,1,1,0,1,-1
2:169721377,0,1,1,0,1,0,0,-1
2:170493103,0,1,1,1,0,0,1,-1
2:170493863,0,0,1,0,0,0,1,-1
2:172411273,0,0,0,1,1,1,1,-1
2:172641045,0,1,0,0,1,0,1,-1
2:17884495,0,1,1,1,0,1,1,-1
2:17934162,0,1,1,1,0,1,1,-1
2:180040551,0,0,1,1,1,0,1,-1
2:181903964,1,1,1,1,1,1,0,-1
2:191224981,1,1,1,0,0,1,0,-1
2:202245244,1,0,1,0,0,0,1,-1
2:202509814,1,0,0,0,0,1,1,-1
2:202578325,0,0,0,1,1,1,1,-1
2:205926400,0,1,1,1,0,0,1,-1
2:208477852,1,0,0,0,0,0,1,-1
2:20884973,0,1,0,1,0,1,0,-1
2:216276991,1,0,1,1,0,1,1,-1
2:219080978,1,1,0,1,0,1,1,-1
2:220048150,1,1,1,1,1,1,0,-1
2:223436607,0,1,0,0,0,1,0,-1
2:224857266,1,0,0,0,1,1,1,-1
2:231072709,0,1,0,1,0,1,1,-1
2:231333763,1,1,0,1,0,0,1,-1
2:238317822,1,0,0,1,1,0,1,-1
2:239697444,0,0,0,1,1,1,1,-1
2:241405528,0,1,0,0,1,1,0,-1
2:242028741,1,1,0,0,1,0,1,-1
2:24390517,1,1,1,1,1,0,1,-1
2:27003021,1,0,0,1,0,0,1,-1
2:27600239,1,1,1,1,1,0,0,-1
2:277003,1,0,1,0,0,0,1,-1
2:29025479,1,1,1,0,1,0,0,-1
2:29169612,1,1,1,0,1,0,0,-1
2:3193040,1,0,1,0,0,1,0,-1
2:36590010,1,0,0,1,0,1,1,-1
2:36619764,1,0,0,1,0,1,1,-1
2:36687111,0,0,0,1,0,1,0,-1
2:37456032,0,0,0,0,1,0,1,-1
2:37872508,1,1,0,1,0,1,1,-1
2:38297170,1,0,1,0,1,0,0,-1
2:38772915,0,0,0,1,0,1,1,-1
2:39109558,1,1,0,0,0,0,1,-1
2:39979125,1,0,0,1,1,1,0,-1
2:40497091,0,0,0,1,0,1,1,-1
2:42936547,0,1,1,0,1,0,1,-1
2:47086006,1,0,1,1,0,1,0,-1
2:47086112,0,1,1,0,1,1,1,-1
2:55490819,0,0,0,1,1,0,1,-1
2:61370819,0,1,1,1,0,0,1,-1
2:63007059,0,0,1,1,0,1,1,-1
2:68388823,1,0,1,1,1,0,0,-1
2:71305456,1,0,0,1,1,1,1,-1
2:71376999,0,1,1,0,0,1,1,-1
2:75882399,1,1,0,0,0,1,1,-1
2:85545490,1,1,0,1,0,1,1,-1
2:85554080,1,1,0,1,1,1,1,-1
2:85622059,1,1,0,1,0,0,1,-1
2:85824039,1,1,1,1,1,0,0,-1
2:9640526,1,0,1,1,1,1,1,-1
2:99812070,0,0,1,0,1,1,1,-1
3:112341941,0,0,0,1,1,1,0,-1
3:124802231,1,1,1,0,1,1,1,-1
3:127799983,0,1,0,0,0,1,0,-1
3:130547086,0,1,0,1,0,1,1,-1
3:134261654,0,1,0,1,0,0,1,-1
3:136574501,0,1,0,1,0,0,1,-1
3:13679335,1,0,0,0,0,1,1,-1
3:139009532,1,0,1,1,1,1,0,-1
3:142841740,1,0,0,1,1,0,1,-1
3:143478454,1,0,1,1,1,1,1,-1
3:143482873,1,1,1,1,1,1,1,-1
3:154018887,1,1,1,1,1,1,1,-1
3:154901205,1,1,0,1,1,0,0,-1
3:170893070,1,1,1,0,0,0,0,-1
3:183477126,0,1,1,1,0,1,0,-1
3:183637845,1,1,1,1,1,1,0,-1
3:184063791,0,0,0,1,0,0,0,-1
3:188590446,1,1,1,1,1,1,0,-1
3:192531202,1,1,1,1,1,1,1,-1
3:193334991,1,1,0,1,1,1,1,-1
3:193412672,1,0,1,1,0,1,1,-1
3:197495334,0,0,0,0,0,1,0,-1
3:21460201,1,1,1,1,1,1,0,-1
3:27484856,1,0,1,0,0,0,0,-1
3:29391314,0,1,1,0,1,1,1,-1
3:33186356,1,1,1,1,0,0,0,-1
3:33879770,1,0,1,1,0,1,0,-1
3:37366459,0,1,1,1,0,1,1,-1
3:38184370,0,0,0,0,1,0,1,-1
3:42105675,1,1,1,1,1,1,1,-1
3:42636141,1,1,0,1,1,1,0,-1
3:43120835,1,1,0,1,1,0,1,-1
3:45052775,1,1,1,1,0,1,1,-1
3:48787219,0,0,1,0,1,1,0,-1
3:49396751,0,0,1,0,1,1,0,-1
3:53905308,1,1,0,0,1,1,0,-1
3:56990504,0,1,0,1,1,1,1,-1
3:58057684,1,1,1,1,1,0,1,-1
3:60453227,0,0,0,1,1,1,0,-1
3:63982082,1,1,0,1,0,0,1,-1
3:66490125,1,0,1,0,1,0,0,-1
3:67426125,1,1,1,1,1,1,0,-1
3:69153854,1,1,1,1,1,1,1,-1
3:73114003,0,0,0,1,0,1,0,-1
3:88101530,0,1,0,0,0,1,1,-1
3:97664725,1,1,1,1,0,1,0,-1
3:98225441,1,0,1,1,1,1,1,-1
3:98298600,1,1,0,1,0,1,1,-1
3:9876919,1,0,0,0,0,1,1,-1
3:99418950,0,0,1,1,1,1,1,-1
4:101107276,1,1,1,1,1,1,1,-1
4:106317429,1,0,1,1,1,1,0,-1
4:108535335,0,1,0,0,1,1,1,-1
4:110605744,1,0,0,0,1,1,0,-1
4:114224592,1,0,1,1,1,0,1,-1
4:1164277,0,0,0,1,1,0,1,-1
4:120138824,1,1,0,0,1,1,1,-1
4:121957051,0,0,0,1,1,0,1,-1
4:123838758,0,1,1,0,1,0,1,-1
4:144401524,1,1,1,1,1,0,0,-1
4:159630817,0,1,0,0,0,1,1,-1
4:16163209,0,0,0,1,0,1,1,-1
4:164049916,1,1,0,0,0,1,1,-1
4:170013910,0,0,1,0,0,1,1,-1
4:170037572,0,0,1,0,0,1,1,-1
4:17488064,1,1,1,0,1,0,0,-1
4:17488132,0,1,1,1,0,0,1,-1
4:183272312,1,1,1,0,0,1,0,-1
4:183812351,1,1,0,0,0,1,0,-1
4:184426387,0,1,1,0,1,1,1,-1
4:185549130,1,1,1,1,1,1,1,-1
4:186111639,0,0,0,0,1,0,1,-1
4:186112111,0,0,0,0,1,0,1,-1
4:189419282,0,0,0,1,1,1,0,-1
4:20620683,0,0,1,1,0,0,1,-1
4:24801976,0,1,0,1,1,1,0,-1
4:2517223,0,1,1,1,0,0,0,-1
4:25931325,1,0,0,0,1,1,0,-1
4:3514695,1,1,0,1,1,1,1,-1
4:39500514,0,1,0,1,1,0,0,-1
4:39501086,0,0,0,1,0,1,1,-1
4:42089177,1,0,1,1,0,0,0,-1
4:6718775,0,1,1,0,1,0,1,-1
4:73940743,0,0,0,1,1,1,1,-1
4:74963049,1,1,0,1,0,1,1,-1
4:76720885,1,1,1,0,0,1,0,-1
4:79531308,1,0,0,0,0,1,1,-1
4:79531381,1,0,0,0,0,0,1,-1
4:8368604,1,1,1,0,0,1,1,-1
4:84374480,1,0,1,1,0,1,0,-1
4:86756230,1,0,0,1,0,1,0,-1
5:109113609,1,1,0,0,1,1,1,-1
5:112212151,1,1,0,1,1,0,1,-1
5:112228667,1,1,0,1,1,0,1,-1
5:114916090,1,1,1,1,1,1,0,-1
5:114951553,1,0,1,1,1,1,0,-1
5:115166713,1,1,1,1,0,0,1,-1
5:119999008,1,1,1,1,1,0,1,-1
5:122950911,0,0,1,1,0,1,0,-1
5:125880589,1,1,1,1,1,1,1,-1
5:1317949,0,0,1,1,1,1,1,-1
5:138272536,0,1,1,0,1,1,1,-1
5:138632030,0,0,1,0,1,0,1,-1
5:141367898,1,1,0,1,1,1,1,-1
5:142657621,0,0,1,0,1,1,1,-1
5:149776232,0,1,0,1,0,1,0,-1
5:149826526,1,1,0,0,0,0,0,-1
5:149937739,1,0,0,1,1,1,1,-1
5:154346296,0,1,0,1,0,0,1,-1
5:159842673,1,0,1,0,0,0,1,-1
5:162909716,0,1,1,1,0,1,1,-1
5:167552605,1,0,1,0,1,1,1,-1
5:170838791,1,1,0,0,1,1,1,-1
5:176569188,1,1,0,1,1,1,1,-1
5:177023098,1,1,1,0,1,1,1,-1
5:178391902,1,1,0,0,0,0,0,-1
5:179264731,1,1,0,0,0,1,1,-1
5:31401447,0,0,0,1,0,1,0,-1
5:438102,1,1,0,1,0,1,0,-1
5:52096889,0,0,1,0,0,0,1,-1
5:52097764,1,1,1,1,1,0,0,-1
5:52252191,1,0,1,0,0,0,1,-1
5:52979097,0,1,1,1,0,1,0,-1
5:54459961,0,0,0,1,0,0,1,-1
5:60459040,0,1,0,0,1,0,1,-1
5:61686647,1,1,0,0,0,1,0,-1
5:64881936,1,1,1,1,1,1,0,-1
5:70806649,1,0,0,0,0,0,1,-1
5:71515616,0,1,1,1,1,1,0,-1
5:76359024,1,0,1,0,1,1,1,-1
5:76738927,1,1,1,1,1,1,1,-1
5:7859434,0,1,0,0,0,1,1,-1
5:80904309,0,1,0,1,1,1,1,-1
5:81571669,1,0,1,0,1,0,1,-1
5:95084131,1,1,0,0,1,1,1,-1
5:9548098,1,1,0,1,1,0,1,-1
5:96031569,0,0,0,1,0,1,0,-1
5:96086334,0,1,1,0,0,1,1,-1
6:101275792,0,0,0,1,0,0,0,-1
6:10829319,0,1,1,1,1,0,0,-1
6:108365658,0,1,0,0,1,1,1,-1
6:11183587,1,0,1,0,1,0,1,-1
6:127476516,1,0,0,1,1,1,1,-1
6:129525473,1,1,1,1,1,1,0,-1
6:138413269,0,1,1,0,1,1,1,-1
6:139018132,1,0,1,1,1,1,0,-1
6:139693834,0,1,0,1,0,0,1,-1
6:143816859,0,1,0,0,0,1,0,-1
6:144261480,1,1,1,1,0,1,1,-1
6:148667310,1,0,0,1,0,1,1,-1
6:149106191,0,0,0,0,0,0,0,-1
6:151286224,1,0,0,0,1,1,1,-1
6:151670172,1,0,1,0,0,1,1,-1
6:151674326,1,0,1,0,0,1,1,-1
6:155362547,1,0,0,1,1,0,1,-1
6:155606325,0,1,0,1,0,1,0,-1
6:157223707,1,1,1,1,0,1,1,-1
6:158264260,1,0,1,1,1,1,1,-1
6:158513586,1,0,1,1,0,0,0,-1
6:167271711,0,0,0,1,0,0,0,-1
6:170714331,0,1,0,0,1,0,1,-1
6:170849476,1,0,0,1,0,1,1,-1
6:170886531,1,0,0,1,0,1,1,-1
6:170890384,1,1,1,0,1,1,1,-1
6:17871072,0,0,1,0,1,1,0,-1
6:18139214,1,0,1,0,0,0,1,-1
6:1899671,1,1,0,1,1,1,1,-1
6:2779882,0,0,0,0,0,1,0,-1
6:2966681,1,0,1,1,0,0,0,-1
6:29913542,0,0,0,0,1,1,0,-1
6:31110391,0,1,1,1,1,1,0,-1
6:31237124,0,0,0,1,1,1,0,-1
6:3162378,1,0,1,1,0,1,1,-1
6:31629953,1,1,0,1,0,0,1,-1
6:31637807,1,1,0,1,0,0,1,-1
6:32083175,1,0,1,1,0,1,1,-1
6:32120715,0,0,0,0,1,0,1,-1
6:32948804,0,0,0,1,1,0,0,-1
6:33258443,1,1,1,1,1,1,1,-1
6:33267672,1,1,0,1,1,1,0,-1
6:38670067,1,0,1,1,1,1,0,-1
6:38670837,1,1,1,1,1,1,0,-1
6:4031998,1,1,1,1,1,0,0,-1
6:4116262,1,1,1,1,1,1,0,-1
6:42025318,1,0,0,0,1,0,1,-1
6:52389776,1,0,1,1,1,1,1,-1
6:52842781,1,1,1,1,1,0,1,-1
6:52843131,1,1,1,1,1,0,1,-1
6:71289189,1,0,0,0,0,1,0,-1
6:74521947,0,1,0,1,1,0,1,-1
6:7584617,0,0,1,1,1,1,1,-1
6:76344431,1,1,1,0,0,1,1,-1
6:76375321,0,0,1,1,1,1,0,-1
6:88224164,0,0,0,0,0,1,1,-1
6:90039670,1,1,1,0,1,1,0,-1
6:97339078,1,0,1,1,0,0,1,-1
7:100781445,0,0,0,1,1,1,0,-1
7:100782460,1,1,1,0,1,0,0,-1
7:100861452,1,0,1,1,1,1,0,-1
7:102113909,1,0,1,0,1,0,0,-1
7:1036851,0,0,0,0,0,1,1,-1
7:11022230,1,0,1,1,1,1,0,-1
7:116148370,1,1,1,0,1,1,1,-1
7:116186241,1,0,1,1,1,0,1,-1
7:120880573,1,0,1,1,1,1,1,-1
7:128409225,0,0,1,0,1,1,1,-1
7:130566594,0,0,0,0,1,1,1,-1
7:130589791,0,1,1,0,1,0,1,-1
7:134569177,1,1,1,0,0,1,1,-1
7:134618710,1,1,0,0,0,1,1,-1
7:140033631,1,0,1,1,1,1,1,-1
7:158546543,0,0,0,1,0,1,0,-1
7:158672476,0,1,0,0,0,0,0,-1
7:158738611,0,0,0,1,0,1,1,-1
7:16639615,1,1,0,0,0,0,0,-1
7:27202289,0,0,0,0,0,1,1,-1
7:28028227,0,1,1,0,0,0,1,-1
7:44153780,1,0,0,0,1,0,1,-1
7:44808223,0,1,1,1,0,1,1,-1
7:45139892,1,0,0,0,1,0,0,-1
7:6063283,0,0,1,1,1,0,1,-1
7:64465502,1,1,0,0,1,0,1,-1
7:65425894,1,1,1,1,0,0,1,-1
7:66276217,1,1,1,0,0,1,1,-1
7:70083527,0,0,1,1,1,0,0,-1
7:73249165,1,0,0,0,1,0,1,-1
7:73789730,0,1,0,1,0,1,0,-1
7:75616105,1,1,0,0,1,1,0,-1
7:76720582,0,1,1,0,1,0,1,-1
7:77233827,0,0,0,0,1,0,1,-1
7:78632489,1,1,1,0,0,1,1,-1
7:7918642,0,1,1,1,1,1,1,-1
7:8007509,1,1,1,0,0,1,1,-1
7:83590231,0,0,1,1,0,1,1,-1
8:10270958,0,1,1,0,0,0,1,-1
8:10286273,0,1,1,0,0,0,1,-1
8:104183205,1,1,1,0,0,1,0,-1
8:104412388,0,1,0,1,1,1,1,-1
8:11696352,1,1,1,1,1,1,1,-1
8:11701933,0,0,0,1,1,1,0,-1
8:118754312,1,1,1,1,1,1,1,-1
8:118814084,0,1,0,1,0,1,1,-1
8:118934480,1,0,0,0,1,1,1,-1
8:119082077,1,0,0,1,1,1,1,-1
8:122638262,1,0,0,1,1,0,0,-1
8:125562029,0,0,1,1,1,0,0,-1
8:13036405,0,1,1,1,0,1,1,-1
8:134518133,1,0,1,1,1,1,1,-1
8:144392368,1,0,0,1,0,1,1,-1
8:144648509,1,0,1,0,1,1,1,-1
8:144662353,0,1,0,0,0,0,1,-1
8:145067467,1,0,1,1,1,1,1,-1
8:145618309,1,1,1,1,0,0,0,-1
8:15615689,1,0,0,0,1,0,0,-1
8:15622519,1,0,0,0,0,0,0,-1
8:17913970,0,1,1,1,0,0,1,-1
8:17927327,1,1,1,1,0,0,1,-1
8:18080651,0,1,0,0,1,1,1,-1
8:18080747,0,1,0,0,1,1,1,-1
8:18385056,1,1,0,0,0,1,0,-1
8:18435816,1,1,1,1,1,1,1,-1
8:18514100,0,1,1,1,0,0,1,-1
8:21964561,0,1,1,0,1,1,1,-1
8:22553621,1,0,0,0,1,1,1,-1
8:23150878,0,1,1,0,1,1,1,-1
8:30041916,0,0,0,0,0,1,1,-1
8:32406994,1,1,0,1,1,1,0,-1
8:40012063,1,1,0,1,1,0,1,-1
8:49409897,1,1,0,1,1,1,1,-1
8:59060275,1,0,1,1,1,1,0,-1
8:6304694,0,1,0,0,1,0,0,-1
8:67380863,1,1,1,1,1,0,1,-1
8:72904776,1,0,1,0,0,0,1,-1
8:95274016,1,1,0,1,1,1,0,-1
8:95986340,1,1,1,0,0,1,1,-1
8:97518925,1,1,1,1,0,0,0,-1
9:113132221,1,0,0,0,1,0,1,-1
9:113192655,1,0,0,0,1,0,1,-1
9:117360729,1,1,1,1,1,1,0,-1
9:117805719,0,1,0,1,1,0,0,-1
9:117856114,0,0,1,1,1,0,1,-1
9:123291036,1,0,1,0,0,0,0,-1
9:123860689,1,1,0,1,1,0,1,-1
9:127113660,1,1,1,1,0,1,0,-1
9:129849880,1,1,1,1,1,0,0,-1
9:131199576,0,0,0,1,1,0,1,-1
9:136227260,1,1,1,1,0,0,0,-1
9:137332311,0,0,1,0,1,0,0,-1
9:137736544,1,0,0,0,0,1,1,-1
9:139253839,1,1,0,1,1,0,1,-1
9:139443956,0,1,0,0,1,0,1,-1
9:139876141,0,0,1,0,0,0,1,-1
9:16695690,1,0,0,0,1,1,0,-1
9:16713666,1,0,0,0,0,1,0,-1
9:17394536,0,1,0,1,0,0,0,-1
9:18653380,1,0,1,0,0,1,0,-1
9:18746561,0,0,1,1,0,0,0,-1
9:18827034,1,1,0,1,1,0,1,-1
9:21846285,0,0,1,1,1,0,0,-1
9:22012422,1,0,0,1,0,1,1,-1
9:25677215,1,0,1,1,1,0,1,-1
9:33026638,0,1,0,1,1,1,1,-1
9:33045147,0,1,0,1,1,1,1,-1
9:35056961,1,0,1,0,0,1,1,-1
9:35660990,0,0,0,0,0,1,0,-1
9:38397355,1,1,0,1,0,0,1,-1
9:72897440,0,0,0,0,1,1,1,-1
9:80472931,0,1,0,0,0,0,0,-1
9:90297680,0,1,1,1,1,0,1,-1
9:95473719,1,1,0,1,1,1,0,-1
