1:949608,,0.0,1.0,1.0,,0.0,
1:1663831,,1.0,1.0,,1.0,,
1:6649228,,,1.0,1.0,,1.0,
1:9358243,,,,1.0,,1.0,
1:10348042,,,1.0,,1.0,,
1:11810505,1.0,1.0,,,1.0,1.0,1.0
1:11846252,,,1.0,,,1.0,1.0
1:12628188,1.0,1.0,1.0,0.0,1.0,1.0,1.0
1:15540685,,,1.0,,1.0,,
1:15546761,1.0,0.0,0.0,1.0,,1.0,1.0
1:17301780,,,1.0,,,,
1:17357577,,1.0,1.0,,,,
1:17753639,,1.0,,,,1.0,
1:17907505,,,,1.0,,,
1:19198064,1.0,1.0,1.0,0.0,1.0,,
1:19198100,1.0,1.0,1.0,0.0,1.0,,
1:20945055,1.0,,1.0,1.0,,,
1:20977000,1.0,0.0,1.0,0.0,0.0,0.0,1.0
1:22150120,,1.0,,1.0,,,
1:23711376,,,,,1.0,1.0,
1:23884661,1.0,1.0,1.0,1.0,1.0,1.0,1.0
1:24863285,,1.0,1.0,1.0,1.0,,
1:25073571,,,1.0,,,,1.0
1:25889632,1.0,1.0,,1.0,1.0,,
1:26210791,1.0,1.0,1.0,1.0,1.0,,
1:28218100,1.0,1.0,0.0,1.0,,1.0,1.0
1:29475341,1.0,1.0,,1.0,,,1.0
1:29475394,1.0,1.0,1.0,1.0,,1.0,1.0
1:33789382,1.0,,1.0,0.0,0.0,1.0,1.0
1:34470308,,1.0,,,1.0,,
1:35562965,,,,,,,
1:36910277,,,0.0,1.0,1.0,1.0,
1:37958813,1.0,1.0,1.0,0.0,,0.0,1.0
1:38279987,1.0,1.0,,,,,
1:39352083,,1.0,,,,,
1:39352271,,1.0,1.0,,1.0,,
1:39472585,,,,,1.0,,
1:39748921,,1.0,,,,1.0,
1:40219065,0.0,1.0,,1.0,0.0,0.0,1.0
1:40306898,1.0,1.0,1.0,0.0,,1.0,1.0
1:41582006,,,,1.0,,,
1:43632536,1.0,1.0,,1.0,0.0,1.0,1.0
1:44274699,,,,,,,
1:44438974,1.0,,,1.0,,1.0,
1:46830430,,,,1.0,,1.0,
1:47844464,1.0,,0.0,1.0,1.0,1.0,1.0
1:53074532,1.0,1.0,1.0,1.0,1.0,1.0,1.0
1:53153432,,1.0,1.0,1.0,1.0,,
1:53516999,0.0,1.0,1.0,0.0,1.0,1.0,0.0
1:53679229,,,1.0,,,1.0,
1:54681920,1.0,1.0,1.0,1.0,1.0,1.0,1.0
1:55354335,1.0,1.0,1.0,,1.0,,
1:61776742,,,,,1.0,,
1:63918388,,,,1.0,,,
1:64549091,1.0,1.0,1.0,1.0,1.0,1.0,
1:65732242,1.0,,1.0,,,,
1:67122504,1.0,1.0,,1.0,1.0,1.0,
1:67160602,1.0,,,,,1.0,
1:67236097,,,,1.0,,,
1:68167491,1.0,1.0,1.0,1.0,1.0,1.0,1.0
1:68591253,0.0,1.0,,0.0,1.0,1.0,
1:68597121,,,1.0,,,,
1:75171211,1.0,1.0,1.0,1.0,1.0,1.0,
1:75171751,,,1.0,,,,
1:77854238,,1.0,1.0,,,,1.0
1:78392446,1.0,0.0,1.0,1.0,0.0,1.0,1.0
1:85113229,,1.0,1.0,1.0,1.0,1.0,
1:85732941,,1.0,1.0,1.0,1.0,,
1:85889596,,1.0,,1.0,,1.0,
1:85933638,1.0,1.0,,1.0,,,
1:86820267,1.0,,1.0,1.0,1.0,,
1:89302955,1.0,,,,,,
1:89479758,,1.0,1.0,1.0,,1.0,
1:92181670,1.0,1.0,0.0,0.0,0.0,1.0,1.0
1:92224815,,,1.0,1.0,,1.0,1.0
1:93620393,,,1.0,,,,
1:94341267,,1.0,,1.0,1.0,1.0,
1:94343233,,,,1.0,,,
1:94638711,1.0,1.0,,,,,
1:94689027,1.0,,,1.0,1.0,1.0,
1:97819405,1.0,1.0,1.0,1.0,1.0,1.0,1.0
1:100612675,,,,1.0,,,
1:109505689,1.0,,,,,,
1:109605378,1.0,1.0,1.0,0.0,0.0,,
1:110208089,1.0,,,1.0,,,
1:110260742,1.0,1.0,0.0,1.0,0.0,0.0,
1:110279701,1.0,1.0,1.0,0.0,1.0,1.0,1.0
1:111893958,1.0,1.0,,0.0,0.0,1.0,
1:113454571,,,,,,,
1:113455099,,1.0,1.0,1.0,1.0,1.0,1.0
1:120285546,,1.0,,,,,
1:147119273,1.0,0.0,,1.0,1.0,1.0,1.0
1:150199123,1.0,0.0,1.0,1.0,1.0,1.0,1.0
1:150252984,1.0,,,,,,
1:150542128,1.0,1.0,1.0,1.0,1.0,1.0,1.0
1:150782797,,1.0,1.0,1.0,,0.0,
1:151021329,,,1.0,,,1.0,1.0
1:151668295,1.0,0.0,1.0,0.0,,,1.0
1:153634058,1.0,1.0,1.0,1.0,1.0,1.0,1.0
1:153779412,,,1.0,1.0,,,
1:154243115,1.0,0.0,,1.0,1.0,1.0,1.0
1:156107534,1.0,1.0,1.0,1.0,1.0,1.0,1.0
1:158986477,,1.0,1.0,1.0,1.0,,
1:160303416,,1.0,1.0,1.0,1.0,1.0,1.0
1:161928327,,,,1.0,1.0,1.0,
1:161967287,,,,,,,
1:162653274,,,,,,,1.0
1:163313539,,1.0,1.0,,0.0,,
1:164619900,,,1.0,1.0,1.0,1.0,1.0
1:164625696,1.0,,,,,1.0,
1:165624799,1.0,1.0,1.0,1.0,1.0,1.0,1.0
1:167759281,1.0,1.0,1.0,1.0,1.0,,
1:168149142,,,,1.0,,1.0,
1:171509327,1.0,1.0,1.0,1.0,1.0,1.0,
1:171755182,,1.0,,,,,
1:171765964,0.0,1.0,,0.0,1.0,1.0,1.0
1:172410967,1.0,,1.0,,1.0,1.0,
1:173457599,1.0,,0.0,1.0,1.0,0.0,0.0
1:178517591,,1.0,,1.0,1.0,,1.0
1:180169330,1.0,,1.0,1.0,1.0,1.0,1.0
1:181024404,1.0,,1.0,,,,
1:182551337,,,,,,,1.0
1:183596136,1.0,1.0,,1.0,1.0,1.0,1.0
1:184023529,1.0,,1.0,,,,
1:186281696,,,,,,1.0,
1:193054154,,,1.0,,,1.0,
1:197070442,,,1.0,,,,
1:197582780,,,1.0,,,,
1:201692871,,,1.0,1.0,,,
1:201861016,,,1.0,1.0,1.0,,
1:201865763,1.0,1.0,1.0,,,,1.0
1:201938995,0.0,1.0,1.0,1.0,1.0,1.0,1.0
1:202849723,1.0,0.0,1.0,1.0,1.0,1.0,1.0
1:203713133,,1.0,,,1.0,1.0,0.0
1:204369875,,,1.0,,1.0,,
1:206668239,,,1.0,,,,
1:209955848,,1.0,0.0,1.0,1.0,1.0,1.0
1:212619339,1.0,1.0,1.0,1.0,1.0,1.0,1.0
1:213311427,1.0,1.0,1.0,1.0,1.0,,1.0
1:214837110,1.0,,1.0,1.0,,,
1:220197625,,1.0,1.0,1.0,,1.0,1.0
1:224346959,,1.0,1.0,,1.0,1.0,1.0
1:226033083,1.0,,1.0,1.0,1.0,1.0,
1:226352498,,,1.0,1.0,,,
1:227178948,,1.0,,,,,
1:227920061,1.0,0.0,1.0,1.0,1.0,1.0,1.0
1:230301776,1.0,1.0,1.0,,1.0,,
1:232564297,1.0,,1.0,,,1.0,
1:235392546,,1.0,1.0,,,,
1:236190333,,,1.0,,,1.0,
1:236381825,,1.0,,,,1.0,
1:236714064,1.0,1.0,1.0,1.0,1.0,1.0,1.0
1:240315515,,1.0,,1.0,1.0,,
1:240396842,,,,1.0,,,
1:240633273,,,1.0,,,,
1:240679626,,,1.0,,,1.0,
1:240695255,1.0,1.0,1.0,1.0,1.0,1.0,1.0
1:242053042,,,,,,,
1:243579112,1.0,,,,1.0,,
1:245190615,1.0,,,,,,
1:245995920,,,,,1.0,,
1:246292470,,,,1.0,,,
1:246755124,,,,,,1.0,
1:247151557,,1.0,,,,,
1:247162658,,1.0,,,1.0,,
10:3180227,1.0,1.0,1.0,1.0,1.0,1.0,1.0
10:3180316,,,1.0,1.0,1.0,,
10:5920121,,,,1.0,1.0,1.0,1.0
10:7849688,1.0,1.0,1.0,1.0,1.0,1.0,1.0
10:8006798,1.0,1.0,1.0,1.0,1.0,1.0,1.0
10:11317357,1.0,,,,,,
10:13151224,,,,,,1.0,
10:13155726,,,1.0,1.0,1.0,,
10:16820133,,,1.0,1.0,1.0,,
10:17636309,1.0,1.0,1.0,,1.0,1.0,
10:23408278,1.0,0.0,1.0,1.0,1.0,,1.0
10:24542427,,1.0,1.0,,,,
10:24813454,,1.0,,,,,
10:25137772,1.0,0.0,1.0,1.0,1.0,1.0,1.0
10:27497191,,1.0,,,,,
10:29855186,,,,,,,1.0
10:30728101,,1.0,1.0,,1.0,1.0,
10:32095249,,,,1.0,1.0,,
10:32133756,,1.0,0.0,,,1.0,1.0
10:33466566,,1.0,1.0,,1.0,1.0,1.0
10:45499799,,,,,,,
10:49682402,1.0,1.0,1.0,1.0,,,
10:49790972,,,,1.0,1.0,,
10:50660509,,,1.0,,1.0,,
10:52350006,,1.0,,,1.0,,
10:52877778,1.0,,,,,1.0,
10:53084089,,1.0,,,,0.0,
10:53159076,,,1.0,1.0,,,
10:53240022,,,,,,,
10:53385460,,,,1.0,,,
10:53478713,,,1.0,,,,
10:53814383,,,,1.0,,,
10:58117124,1.0,1.0,0.0,1.0,0.0,,
10:60548276,,,,,,,
10:60588553,,1.0,,1.0,,,
10:61636147,,,,,,,
10:61665886,1.0,1.0,,1.0,,1.0,
10:64914467,1.0,1.0,1.0,1.0,1.0,,1.0
10:64927823,,,1.0,,,,
10:70864065,1.0,1.0,1.0,1.0,1.0,1.0,
10:71575551,1.0,1.0,,,1.0,,
10:71617584,1.0,,1.0,,,1.0,
10:71633256,,1.0,1.0,,,,
10:73773014,1.0,1.0,1.0,1.0,0.0,1.0,1.0
10:73856984,1.0,1.0,1.0,1.0,1.0,,
10:74127853,,,,,,1.0,
10:74490023,,,1.0,,,,1.0
10:75948420,,,,,,,
10:76092691,1.0,,,1.0,,,
10:78122729,,,,,,,
10:78720608,,,,1.0,,,
10:80100861,,,1.0,,,,
10:80208772,,1.0,,,1.0,1.0,
10:80828245,,,,,,,
10:80961519,,1.0,1.0,,1.0,,
10:81852059,1.0,1.0,1.0,1.0,1.0,1.0,
10:88730312,1.0,1.0,1.0,1.0,1.0,1.0,1.0
10:90749963,,1.0,,,1.0,1.0,1.0
10:90775291,,1.0,1.0,,,,
10:91066769,,1.0,,1.0,,1.0,
10:91179295,,,,,1.0,,
10:93790505,,,,,,1.0,1.0
10:94819053,,,,1.0,1.0,,
10:95124673,,,,,,,1.0
10:95454681,,1.0,1.0,1.0,,,
10:95459817,,,1.0,,,,
10:97632082,,1.0,,,,1.0,
10:97633021,,1.0,1.0,1.0,,1.0,
10:97927958,,,,,,1.0,
10:99304801,1.0,,,,,1.0,
10:99329418,,,1.0,,,,
10:99435730,0.0,1.0,0.0,1.0,1.0,1.0,1.0
10:100177049,0.0,,1.0,1.0,1.0,1.0,
10:102746231,1.0,1.0,1.0,1.0,1.0,1.0,1.0
10:104236687,,,1.0,1.0,1.0,1.0,
10:104239100,1.0,1.0,1.0,1.0,1.0,1.0,1.0
10:104418656,,,1.0,,1.0,1.0,
10:105205302,,,,1.0,1.0,1.0,
10:106022789,0.0,1.0,1.0,1.0,0.0,1.0,0.0
10:116191174,,1.0,1.0,,1.0,,
10:116453733,,1.0,,1.0,,,
10:116593175,,1.0,,1.0,,,1.0
10:116719543,,,1.0,,1.0,,
10:117849353,,,1.0,,1.0,,
10:120895131,,,,,,,
10:120927544,1.0,1.0,1.0,1.0,1.0,1.0,0.0
10:120970543,,,,,1.0,,
10:121049565,,1.0,,,1.0,,1.0
10:124013604,,,1.0,,,,
10:124749740,1.0,1.0,,1.0,1.0,1.0,0.0
10:125505401,0.0,1.0,1.0,1.0,1.0,0.0,0.0
10:126629701,,,,1.0,,,
10:127827684,,1.0,,,,,
10:129899578,,1.0,1.0,1.0,1.0,0.0,
10:129900858,,1.0,1.0,1.0,,,
10:129917560,,,,,,,
10:131565064,1.0,1.0,1.0,1.0,,1.0,
10:131565170,1.0,1.0,1.0,1.0,1.0,1.0,0.0
10:131633720,,,1.0,,1.0,,
10:131760352,,,1.0,,1.0,,
10:133784881,1.0,1.0,1.0,,,,
10:134188874,1.0,1.0,0.0,1.0,1.0,1.0,
10:134754297,,,1.0,,1.0,,
10:135000159,,,1.0,,,,
11:205198,,,,,1.0,,
11:771034,1.0,1.0,1.0,1.0,,,1.0
11:772490,,1.0,1.0,1.0,,,
11:810882,1.0,1.0,1.0,1.0,1.0,1.0,1.0
11:825110,1.0,1.0,1.0,1.0,1.0,1.0,1.0
11:838722,1.0,1.0,1.0,1.0,1.0,1.0,1.0
11:840363,1.0,1.0,1.0,1.0,1.0,1.0,1.0
11:870446,1.0,1.0,1.0,1.0,1.0,1.0,1.0
11:870467,1.0,1.0,1.0,,1.0,1.0,
11:1491096,,,1.0,,1.0,1.0,
11:1756291,1.0,,1.0,0.0,0.0,1.0,
11:6340706,1.0,1.0,1.0,1.0,1.0,1.0,1.0
11:7020629,,,,,,,
11:7532175,1.0,,,,,,
11:7686395,0.0,,1.0,1.0,1.0,,1.0
11:7686674,1.0,,1.0,,,,1.0
11:8852239,1.0,,0.0,1.0,1.0,,1.0
11:9304120,1.0,1.0,1.0,,,,
11:9311128,1.0,1.0,1.0,0.0,1.0,0.0,
11:9754221,,1.0,,,,,
11:9769562,1.0,1.0,1.0,1.0,1.0,1.0,1.0
11:9776567,,,,,,,
11:9800601,,1.0,1.0,1.0,1.0,,1.0
11:10536298,,1.0,0.0,,1.0,1.0,
11:10655609,,,,,,,
11:11986061,1.0,1.0,1.0,1.0,1.0,1.0,
11:12137982,,,1.0,1.0,,,
11:12842990,,1.0,,,1.0,,
11:12843878,,,,1.0,,,
11:13428961,,,,1.0,1.0,,
11:16760244,1.0,1.0,1.0,1.0,,1.0,
11:17160148,,,,1.0,,1.0,1.0
11:17316029,1.0,1.0,,,,,
11:17351683,1.0,1.0,0.0,1.0,0.0,1.0,
11:18008376,,1.0,,,,,
11:18509993,,,1.0,,,1.0,
11:19245854,,,,1.0,1.0,,
11:19569563,,1.0,,,,1.0,
11:33726980,1.0,1.0,1.0,1.0,1.0,1.0,1.0
11:33765683,,,1.0,,,,
11:34309519,,,1.0,,,,
11:34910397,,,,1.0,,,
11:35185056,,,1.0,,,1.0,
11:35487642,1.0,,1.0,1.0,1.0,,1.0
11:35487715,1.0,,1.0,0.0,1.0,,1.0
11:35528204,,,1.0,1.0,0.0,,
11:36680719,0.0,,,,1.0,1.0,1.0
11:45931502,1.0,1.0,,1.0,1.0,1.0,
11:46304338,,,,1.0,,,
11:47261260,,,1.0,,,,
11:47640429,1.0,1.0,1.0,1.0,1.0,1.0,1.0
11:48115089,,1.0,,,1.0,1.0,
11:57252328,1.0,1.0,1.0,1.0,,1.0,1.0
11:57319339,1.0,1.0,1.0,1.0,1.0,1.0,1.0
11:57381989,1.0,1.0,1.0,1.0,0.0,0.0,0.0
11:61569830,,1.0,1.0,1.0,1.0,1.0,
11:62454768,,,1.0,,,,
11:62458275,,1.0,1.0,0.0,,1.0,1.0
11:63595072,1.0,1.0,1.0,1.0,1.0,1.0,
11:64011854,,1.0,,1.0,1.0,,
11:64620518,1.0,1.0,1.0,1.0,1.0,1.0,1.0
11:65109233,1.0,1.0,1.0,1.0,1.0,,
11:65485337,1.0,0.0,1.0,0.0,1.0,0.0,
11:65665200,1.0,1.0,0.0,1.0,1.0,,1.0
11:65727301,,,1.0,,,,
11:66083129,,1.0,,1.0,1.0,,
11:66610645,1.0,,1.0,1.0,1.0,1.0,1.0
11:67352689,1.0,0.0,0.0,1.0,1.0,1.0,1.0
11:67353970,1.0,1.0,1.0,1.0,1.0,1.0,1.0
11:68034772,1.0,1.0,,,,1.0,
11:70282629,1.0,1.0,1.0,0.0,0.0,1.0,0.0
11:71169547,,,,1.0,,,
11:71739423,,,1.0,,,,
11:74553074,,,,,1.0,1.0,
11:76573016,,,,,,,
11:76733847,,1.0,1.0,1.0,1.0,1.0,
11:85366757,,,,,,,
11:85395718,1.0,1.0,1.0,1.0,,,
11:86267678,,1.0,,,,,
11:88064750,1.0,1.0,,1.0,,,1.0
11:88067394,1.0,,,1.0,1.0,,
11:94356050,,,,,,,
11:95565288,,1.0,,1.0,,,
11:95915244,,1.0,,,,,1.0
11:96011351,1.0,1.0,1.0,1.0,1.0,1.0,1.0
11:96029482,,,,1.0,,1.0,
11:102272884,,,,,1.0,,
11:102562700,,1.0,,,1.0,0.0,1.0
11:103082590,,1.0,,,,1.0,
11:108239628,,1.0,,,,,1.0
11:111431614,1.0,0.0,0.0,1.0,1.0,1.0,1.0
11:113193601,,,1.0,,,,
11:117283676,,,1.0,1.0,,,
11:119005485,,1.0,1.0,1.0,,1.0,1.0
11:122204076,,1.0,0.0,,0.0,,
11:122830214,,1.0,1.0,1.0,1.0,,1.0
11:124863136,1.0,,1.0,1.0,,,
11:125763746,0.0,1.0,,1.0,,1.0,1.0
11:125770425,1.0,1.0,,1.0,0.0,1.0,1.0
11:126133182,1.0,,1.0,,1.0,,
11:126164349,1.0,1.0,1.0,1.0,1.0,,
11:126524401,,1.0,,,,,
11:128328959,,,1.0,,,,
11:128333503,,,,1.0,,,
11:128645057,1.0,,1.0,,,1.0,
11:131841465,,,,1.0,,,
12:2208215,,1.0,,,,,
12:4462146,0.0,0.0,1.0,1.0,1.0,1.0,0.0
12:4463204,,,,,1.0,,
12:4715082,,,1.0,,,,
12:6840209,1.0,,1.0,1.0,1.0,1.0,
12:7023123,,0.0,0.0,1.0,1.0,,1.0
12:7053149,,1.0,,1.0,1.0,,1.0
12:7248675,1.0,,,,,,
12:7507726,1.0,,1.0,1.0,1.0,1.0,
12:9833628,,,1.0,,,,
12:10069302,,,,1.0,,1.0,
12:10375302,,,,,,,
12:10999780,1.0,,1.0,1.0,,,
12:13070752,,,1.0,,,,
12:13350245,1.0,1.0,1.0,1.0,1.0,1.0,1.0
12:13369196,,,1.0,1.0,,,
12:14622002,1.0,,1.0,,1.0,1.0,
12:14656768,,1.0,1.0,1.0,1.0,1.0,1.0
12:21661508,,,,,,,1.0
12:25362217,1.0,1.0,0.0,1.0,,1.0,1.0
12:26201163,,1.0,1.0,1.0,1.0,1.0,
12:27726370,,,,,1.0,,
12:27845924,1.0,1.0,1.0,,,,
12:28605426,1.0,1.0,1.0,1.0,1.0,1.0,
12:29489564,,,,,,,
12:31821111,,,1.0,1.0,,,
12:31824971,1.0,1.0,,,1.0,,
12:32457665,1.0,,1.0,,,1.0,
12:42475888,,1.0,1.0,,,1.0,
12:42982048,,,,,1.0,1.0,
12:46344979,,,,1.0,,1.0,
12:47150176,,,,1.0,,,
12:48262964,,,,,,,
12:51203371,,1.0,1.0,,,,
12:51595505,,,,,,,1.0
12:51745834,,1.0,,1.0,1.0,,1.0
12:54394497,,1.0,,1.0,,,
12:56437277,1.0,1.0,1.0,1.0,1.0,1.0,1.0
12:56822378,1.0,1.0,0.0,,,,
12:56988342,,,1.0,1.0,,1.0,
12:57489709,0.0,1.0,0.0,1.0,0.0,1.0,0.0
12:62696599,1.0,,1.0,,1.0,,
12:64538378,,,,,,,
12:66158049,,,,,,,
12:66359752,1.0,,,1.0,,,
12:66546100,,,1.0,,,,
12:69980028,1.0,1.0,1.0,,,1.0,1.0
12:72015050,,1.0,1.0,1.0,1.0,0.0,1.0
12:76154329,,,,,1.0,,
12:76422999,,1.0,1.0,1.0,1.0,1.0,0.0
12:77223371,,,,,,,1.0
12:88440676,1.0,1.0,1.0,,1.0,1.0,1.0
12:88505078,1.0,1.0,1.0,1.0,1.0,1.0,
12:88890671,,,,,1.0,,
12:90017736,1.0,1.0,,,,,
12:90028901,0.0,0.0,1.0,0.0,1.0,1.0,
12:93196422,,1.0,1.0,,,1.0,
12:93721801,,,,,,,
12:95694111,,,,1.0,,,1.0
12:95694394,1.0,,1.0,1.0,,1.0,1.0
12:96259992,1.0,1.0,,1.0,,,1.0
12:96617304,,,,,1.0,,
12:99007356,1.0,1.0,1.0,1.0,,1.0,1.0
12:104373600,1.0,,,,1.0,,
12:104854011,1.0,,1.0,,,,
12:105099408,,,1.0,,,,
12:105454255,,,,1.0,,,
12:105567611,,1.0,,,1.0,,1.0
12:108090518,,,,,1.0,,
12:108985945,,,,,,,1.0
12:109085035,,1.0,,,,,
12:109994870,,,1.0,1.0,,1.0,
12:110341933,,0.0,1.0,0.0,0.0,1.0,1.0
12:110925718,,1.0,,,,,
12:118855405,1.0,1.0,1.0,1.0,1.0,,
12:120565188,1.0,0.0,0.0,1.0,1.0,1.0,1.0
12:121177778,1.0,1.0,0.0,1.0,1.0,0.0,
12:121202664,,,,,1.0,,
12:121441461,1.0,0.0,1.0,1.0,,1.0,1.0
12:122219787,1.0,1.0,1.0,1.0,1.0,1.0,1.0
12:122812503,,1.0,1.0,1.0,1.0,1.0,1.0
12:123956749,,1.0,1.0,1.0,,1.0,
12:125441359,,,,1.0,,,
12:131306314,,1.0,1.0,1.0,,1.0,1.0
12:131361241,,,,,1.0,,
12:133498358,,,1.0,,,,
12:133768553,,,1.0,1.0,,,
12:133778796,1.0,,,,,1.0,
13:20220968,,,1.0,,,1.0,
13:21297050,,,,1.0,,1.0,
13:21728134,1.0,1.0,1.0,,1.0,,1.0
13:22067072,1.0,0.0,1.0,1.0,1.0,,1.0
13:23898975,,,,1.0,,1.0,
13:24432467,,,1.0,1.0,,,
13:27083878,,,,,,,1.0
13:28009031,,1.0,1.0,1.0,,1.0,
13:28009173,,1.0,,,,,
13:28143229,,,,,,1.0,
13:28197436,1.0,1.0,,1.0,1.0,,0.0
13:31903834,1.0,,1.0,1.0,1.0,1.0,1.0
13:33676572,,,1.0,,,,
13:33850026,,,,,1.0,1.0,
13:40100370,,,,,1.0,,
13:40242648,,,,,,1.0,
13:41459638,,,1.0,,1.0,1.0,
13:41533052,1.0,1.0,1.0,1.0,1.0,1.0,
13:42776055,,1.0,,,,,
13:48460299,,1.0,1.0,,,,
13:49884055,,1.0,,,1.0,,
13:50080847,1.0,1.0,1.0,1.0,,,
13:50275515,,,1.0,1.0,1.0,0.0,1.0
13:52342206,,0.0,1.0,,1.0,1.0,1.0
13:73350079,1.0,,1.0,1.0,,,
13:74355009,,,,1.0,,,
13:74500970,,1.0,,1.0,,1.0,
13:75884216,,,,,,1.0,1.0
13:75884290,1.0,,,,,,
13:95281296,1.0,,1.0,1.0,,,
13:95672237,1.0,1.0,0.0,1.0,1.0,0.0,
13:99088006,,,1.0,,1.0,1.0,
13:101287365,,,,,,,
13:102297663,,,,1.0,,,
13:102298969,,1.0,,,,1.0,
13:102357497,1.0,1.0,0.0,,1.0,,1.0
13:102400884,1.0,,1.0,,,,1.0
13:103330718,1.0,1.0,0.0,1.0,,1.0,1.0
13:103504517,1.0,,1.0,1.0,,1.0,
13:103528337,,1.0,1.0,1.0,1.0,,1.0
13:107822150,,,,,1.0,,
13:111165079,1.0,,1.0,1.0,,,
13:114470053,,,1.0,,,,1.0
13:114527838,1.0,,,,,,
14:20920250,1.0,,1.0,,1.0,,
14:21955930,1.0,1.0,1.0,1.0,1.0,1.0,1.0
14:23299135,,1.0,1.0,1.0,,1.0,1.0
14:23299286,1.0,,1.0,,,1.0,
14:23549785,,1.0,1.0,,,,1.0
14:24422366,,,,1.0,,1.0,
14:24550224,1.0,1.0,1.0,1.0,1.0,,
14:24679877,1.0,1.0,1.0,1.0,1.0,1.0,1.0
14:24760009,,0.0,1.0,0.0,0.0,1.0,
14:25281843,1.0,1.0,1.0,1.0,,1.0,1.0
14:30045978,1.0,,1.0,1.0,,,
14:31380191,,1.0,1.0,,,,
14:31819047,,,,1.0,,,
14:32968346,1.0,,1.0,1.0,,1.0,
14:33664284,,1.0,,1.0,1.0,,1.0
14:35008043,1.0,,,1.0,1.0,1.0,
14:35293185,,1.0,,1.0,,,
14:35871217,1.0,1.0,1.0,1.0,1.0,,
14:39617103,1.0,,1.0,0.0,,,1.0
14:50044392,1.0,1.0,1.0,1.0,1.0,0.0,1.0
14:52398274,,,,,1.0,,
14:52507206,,,1.0,,,,
14:56725210,,1.0,1.0,,,,
14:57734577,1.0,,,,,,
14:61176485,,,1.0,1.0,,,
14:61557433,,1.0,,,1.0,,
14:64519455,,,,,1.0,,
14:64989813,,,1.0,,,,
14:65638277,,,1.0,,,1.0,
14:69349054,1.0,,,,1.0,,
14:69392264,1.0,1.0,1.0,1.0,1.0,1.0,1.0
14:70839389,,,,1.0,1.0,,
14:71373580,1.0,1.0,,1.0,,,
14:73440864,,,1.0,1.0,,,
14:74178800,1.0,0.0,1.0,1.0,1.0,1.0,1.0
14:74359494,,,,,,,
14:74404756,,,1.0,1.0,,,
14:74428445,,,1.0,1.0,1.0,,1.0
14:74473353,,,,,,,
14:75520065,1.0,,1.0,1.0,1.0,1.0,1.0
14:75937022,0.0,,0.0,0.0,1.0,1.0,
14:76549752,,,1.0,1.0,,,
14:81574959,,,,1.0,,,
14:81575005,,,,1.0,,,
14:86024416,,,1.0,,,,
14:88399623,,1.0,,,,,
14:90732280,,,,1.0,1.0,,
14:91095838,,,1.0,1.0,,,
14:91218132,1.0,1.0,,,,1.0,
14:92441066,,,1.0,1.0,,,
14:92537379,1.0,1.0,1.0,1.0,1.0,1.0,
14:92628952,,,1.0,,,,
14:93072269,1.0,,,,1.0,,1.0
14:93276654,,,,,,,1.0
14:93788250,,,,,,,1.0
14:94512785,,,1.0,,,,
14:96560092,1.0,0.0,1.0,0.0,0.0,1.0,1.0
14:96708667,,,,,,,
14:101313093,1.0,1.0,,0.0,0.0,1.0,1.0
14:102815042,1.0,,1.0,1.0,1.0,1.0,
14:102898363,,1.0,,,,,
14:105407798,,1.0,,,1.0,,
14:105954705,,1.0,1.0,1.0,1.0,1.0,1.0
15:22927167,,,1.0,,1.0,,
15:23004893,1.0,,1.0,1.0,1.0,,
15:25219512,,,1.0,,,,
15:31231255,1.0,1.0,0.0,,1.0,,1.0
15:31234981,,,,1.0,,,
15:33023985,,,,,,1.0,
15:33151160,,,1.0,,,,
15:35605949,,,,1.0,,,
15:36946303,1.0,,,,,,
15:36986343,1.0,1.0,1.0,1.0,1.0,1.0,
15:37254835,,1.0,1.0,,,,
15:38558974,,1.0,,,,,1.0
15:39651534,,,,1.0,,,
15:40161267,,,,1.0,,,
15:40195874,,1.0,,1.0,,,
15:40710723,1.0,1.0,1.0,,1.0,,
15:41106485,1.0,1.0,1.0,1.0,1.0,1.0,1.0
15:41774423,1.0,1.0,,,,,
15:42211486,1.0,,0.0,1.0,1.0,,
15:43622916,1.0,1.0,,,,,
15:43632549,,,,1.0,,1.0,
15:44093927,1.0,1.0,1.0,1.0,1.0,1.0,
15:44120559,,,,,,,
15:44485276,,1.0,,,,,
15:45438537,,,,,1.0,,
15:49281624,,1.0,,,,,1.0
15:49329436,,1.0,1.0,,,,
15:50874632,,,,1.0,,,
15:51375075,,,1.0,,,,
15:52953933,,1.0,1.0,,,1.0,1.0
15:55653031,1.0,,1.0,1.0,,,
15:55759193,,,,,1.0,,
15:58808578,,1.0,,,,,
15:59323048,,1.0,,,1.0,,
15:59931131,1.0,1.0,1.0,1.0,1.0,1.0,1.0
15:60687844,1.0,1.0,,,,1.0,
15:60715643,,1.0,1.0,,,1.0,1.0
15:60952440,,,,,1.0,,
15:61273241,,,1.0,1.0,,,
15:61362447,,,,1.0,,,
15:63351687,1.0,,,1.0,,1.0,
15:63351840,1.0,0.0,1.0,1.0,,1.0,0.0
15:63360847,1.0,,,,,,
15:63434110,1.0,1.0,1.0,1.0,1.0,1.0,1.0
15:63494159,1.0,1.0,1.0,1.0,,1.0,1.0
15:67221050,1.0,1.0,1.0,1.0,1.0,,1.0
15:67442596,1.0,1.0,1.0,,,0.0,1.0
15:68613787,1.0,1.0,0.0,,,,
15:70369378,,1.0,,,1.0,,
15:71722819,1.0,1.0,,1.0,,1.0,1.0
15:71771585,,,,,,,
15:72066961,1.0,,,1.0,,,
15:72241857,,,,,,,
15:74338939,1.0,1.0,1.0,1.0,1.0,1.0,1.0
15:75128501,1.0,1.0,,1.0,1.0,1.0,
15:75212357,,1.0,1.0,1.0,,1.0,1.0
15:75890612,1.0,1.0,1.0,1.0,1.0,1.0,1.0
15:77697703,1.0,,,,1.0,1.0,
15:77777632,,1.0,,,,,
15:78841220,1.0,1.0,1.0,1.0,1.0,1.0,1.0
15:81091879,,1.0,1.0,,,,
15:85583088,,,1.0,,1.0,,
15:86103176,0.0,,1.0,1.0,1.0,1.0,1.0
15:86210598,,,1.0,,,,
15:89056040,1.0,1.0,,,1.0,1.0,
15:89069299,,1.0,,1.0,,,
15:89417238,,,1.0,,,,
15:89804111,,,,,,1.0,
15:90439960,1.0,1.0,1.0,0.0,,,
15:90772831,,,,1.0,,,
15:91045419,,1.0,1.0,1.0,0.0,1.0,
15:92706594,1.0,1.0,1.0,1.0,1.0,1.0,
15:92707295,,,1.0,,,,
15:92708550,,,,,,,
15:99284680,,,1.0,,1.0,,
15:100136381,1.0,,1.0,,,,1.0
15:100269680,1.0,,,1.0,,,
15:101109677,,,,1.0,,,
15:101536930,,,,1.0,,,
16:107275,1.0,1.0,1.0,1.0,1.0,1.0,1.0
16:847743,,1.0,1.0,,,0.0,1.0
16:1605163,,1.0,,1.0,1.0,1.0,
16:1877558,,,1.0,,,,
16:1890056,1.0,,1.0,,,1.0,
16:1961674,,,1.0,,,,
16:2028677,,,,1.0,,,
16:2070568,1.0,,1.0,1.0,1.0,1.0,1.0
16:2263146,,,1.0,,,,
16:2274300,,1.0,,1.0,,,
16:2821573,1.0,1.0,1.0,1.0,1.0,1.0,1.0
16:2949248,1.0,1.0,1.0,1.0,1.0,1.0,1.0
16:3073240,,1.0,0.0,1.0,0.0,1.0,1.0
16:3353205,,,,,,1.0,
16:3434699,,,1.0,1.0,,,
16:4440593,,,,,1.0,,
16:4847317,,1.0,1.0,1.0,,,1.0
16:5075226,,1.0,1.0,1.0,,1.0,
16:8773196,,,,,,,1.0
16:8889628,,,1.0,1.0,,1.0,
16:8947036,1.0,,0.0,1.0,1.0,0.0,1.0
16:11256936,,,,,1.0,,
16:12758966,,,1.0,,,,
16:15131962,1.0,1.0,1.0,1.0,1.0,1.0,1.0
16:15131974,1.0,1.0,1.0,1.0,1.0,1.0,1.0
16:15818842,1.0,1.0,1.0,0.0,0.0,,
16:16236004,,1.0,,,,,
16:16236650,0.0,1.0,1.0,0.0,0.0,1.0,
16:18804591,1.0,1.0,1.0,1.0,1.0,1.0,
16:22345191,1.0,1.0,0.0,1.0,1.0,1.0,1.0
16:23143876,,1.0,1.0,1.0,,1.0,
16:23681165,,1.0,,,,,
16:27232883,,,,1.0,,,
16:28995757,1.0,1.0,1.0,1.0,1.0,1.0,1.0
16:50364398,,1.0,,1.0,1.0,,1.0
16:54318172,0.0,1.0,,0.0,1.0,0.0,1.0
16:54968239,,1.0,1.0,1.0,1.0,1.0,1.0
16:55539614,1.0,,1.0,1.0,1.0,1.0,
16:57071963,,,,1.0,,,
16:57117405,,,,1.0,1.0,1.0,
16:57546146,,,1.0,1.0,1.0,,
16:67691668,1.0,1.0,1.0,1.0,1.0,1.0,
16:69743760,1.0,1.0,1.0,1.0,,,1.0
16:69975360,1.0,1.0,1.0,1.0,1.0,,1.0
16:70514828,1.0,,1.0,0.0,,1.0,1.0
16:71678932,1.0,,1.0,,,,
16:72059149,,,1.0,,,,
16:72146570,1.0,1.0,1.0,1.0,1.0,1.0,1.0
16:77246517,,,,1.0,1.0,,
16:78537146,,1.0,,,,1.0,
16:78883118,,,,,,1.0,
16:78996475,,,,,1.0,,
16:79460529,,,,,,1.0,
16:81061827,,,1.0,1.0,1.0,1.0,
16:81204172,1.0,1.0,1.0,,,,
16:82681988,,,1.0,1.0,,,
16:82817263,,,,1.0,,,
16:83789104,,,,,,,1.0
16:83817019,,,1.0,1.0,1.0,1.0,
16:84135493,,,,,,,
16:84511388,,,,,,,
16:84522897,,1.0,,,1.0,,
16:84903728,,,,1.0,,,
16:85709610,1.0,1.0,1.0,0.0,,0.0,1.0
16:85813231,1.0,1.0,1.0,1.0,1.0,1.0,1.0
16:87461969,,,,,,,1.0
16:88709737,1.0,1.0,1.0,1.0,1.0,1.0,1.0
16:88713236,1.0,1.0,0.0,1.0,1.0,,1.0
16:88727733,1.0,,1.0,,,1.0,
16:88781073,,1.0,,,,,
16:88781614,1.0,0.0,0.0,1.0,1.0,1.0,1.0
16:88880480,,,1.0,0.0,,1.0,1.0
16:89350038,1.0,1.0,1.0,1.0,1.0,1.0,1.0
16:89350178,,1.0,1.0,1.0,,1.0,
16:89587871,1.0,1.0,1.0,,,1.0,1.0
16:89884502,,,1.0,1.0,,1.0,
17:648186,,,1.0,,1.0,1.0,
17:813324,,,1.0,,,1.0,
17:814320,1.0,1.0,,0.0,1.0,1.0,1.0
17:986742,,,1.0,1.0,,,
17:1801144,1.0,1.0,1.0,1.0,1.0,1.0,1.0
17:1801189,1.0,1.0,1.0,1.0,1.0,1.0,1.0
17:1966457,1.0,1.0,1.0,1.0,1.0,,
17:2414208,,,1.0,1.0,,1.0,
17:3780365,,,,,,,
17:4060482,1.0,1.0,1.0,1.0,,1.0,
17:5280440,,,1.0,1.0,,1.0,
17:5326089,,,1.0,1.0,0.0,1.0,
17:5326145,0.0,0.0,1.0,1.0,0.0,1.0,
17:5336058,1.0,1.0,1.0,1.0,1.0,1.0,1.0
17:5415287,,,1.0,,1.0,,1.0
17:5485367,1.0,1.0,,1.0,1.0,1.0,
17:6943266,,1.0,,,,1.0,
17:7163739,,,,,,,
17:7215142,1.0,1.0,1.0,1.0,1.0,1.0,0.0
17:7363088,1.0,1.0,1.0,,,1.0,
17:7417663,1.0,1.0,1.0,1.0,1.0,1.0,1.0
17:7491177,1.0,1.0,1.0,1.0,1.0,0.0,1.0
17:7606722,,,1.0,1.0,,,
17:7614601,,,,,1.0,1.0,1.0
17:8279324,1.0,,,1.0,,1.0,
17:8932888,,,,,,1.0,
17:9395231,1.0,1.0,1.0,1.0,1.0,1.0,1.0
17:10063531,,,,1.0,,,
17:10082256,,,1.0,,1.0,,
17:10614442,1.0,1.0,1.0,1.0,0.0,,
17:13980350,,,1.0,1.0,,,
17:15611495,1.0,,1.0,1.0,,,
17:17409560,0.0,1.0,1.0,1.0,1.0,1.0,1.0
17:19580494,1.0,1.0,1.0,1.0,,1.0,1.0
17:19641321,,,,,,,
17:19808445,,1.0,1.0,,1.0,,
17:20903080,0.0,,1.0,0.0,1.0,1.0,0.0
17:26721791,,1.0,1.0,,1.0,,
17:28049804,,,1.0,,,1.0,
17:30877658,1.0,,,,,1.0,1.0
17:31078344,1.0,1.0,1.0,1.0,1.0,1.0,1.0
17:33594320,1.0,1.0,,1.0,1.0,,
17:36661621,,,1.0,,,,
17:36922196,1.0,1.0,1.0,1.0,1.0,1.0,
17:39983808,,,1.0,1.0,,,
17:39983820,,,1.0,1.0,,,
17:39983849,,,1.0,,,,
17:40706906,,1.0,1.0,1.0,1.0,1.0,
17:40724276,,,,,1.0,,
17:40818699,1.0,1.0,1.0,1.0,,,
17:41361960,,,1.0,1.0,1.0,,
17:42823211,,,1.0,,1.0,,
17:43183028,,1.0,0.0,,1.0,1.0,1.0
17:45018463,1.0,,,,,,1.0
17:46103760,1.0,1.0,1.0,1.0,,1.0,1.0
17:46657927,1.0,,,1.0,,1.0,
17:46669430,1.0,1.0,1.0,1.0,0.0,1.0,
17:46939658,1.0,1.0,0.0,1.0,1.0,1.0,
17:47007963,1.0,1.0,1.0,1.0,1.0,1.0,1.0
17:48563234,0.0,0.0,1.0,1.0,,1.0,0.0
17:53920169,,,,1.0,,,
17:54906137,,1.0,,,,1.0,
17:55916641,,1.0,1.0,1.0,,,
17:60742348,,,1.0,,,,
17:61901197,,,,,,,1.0
17:63534538,1.0,1.0,1.0,1.0,1.0,,
17:64164314,,1.0,,,,,
17:65066879,,,,1.0,,,
17:70721707,1.0,1.0,1.0,,,,
17:70849572,,,,1.0,,1.0,
17:71280075,1.0,1.0,,,,,1.0
17:73949540,1.0,,1.0,1.0,,,
17:74035543,1.0,1.0,,,1.0,1.0,
17:76221428,,1.0,,,1.0,,
17:76783642,,,,,,,
17:78079597,,,1.0,,,,
17:78079669,1.0,1.0,1.0,,1.0,1.0,
17:78093353,,1.0,1.0,1.0,1.0,1.0,
17:78410346,,,1.0,1.0,1.0,,1.0
17:78939857,,1.0,1.0,1.0,1.0,,1.0
17:78973474,,,,,1.0,,
17:79375998,1.0,,,,,1.0,
17:79994026,,,,,,1.0,1.0
17:80572628,1.0,1.0,1.0,1.0,,1.0,1.0
17:80685533,1.0,1.0,1.0,1.0,0.0,1.0,1.0
18:673016,1.0,1.0,1.0,,0.0,1.0,
18:673086,1.0,1.0,1.0,0.0,0.0,,
18:2616457,0.0,1.0,0.0,,0.0,,1.0
18:2707619,,,1.0,1.0,1.0,,
18:5236926,1.0,1.0,0.0,0.0,,1.0,
18:5246398,1.0,1.0,,,,1.0,
18:9219662,1.0,,1.0,1.0,,1.0,
18:9255982,1.0,1.0,1.0,1.0,1.0,,
18:9318621,0.0,,1.0,,0.0,1.0,
18:9710479,,,1.0,,,,
18:9710554,1.0,,1.0,0.0,1.0,1.0,1.0
18:9860781,1.0,0.0,1.0,1.0,1.0,,1.0
18:12448430,1.0,,,,,,
18:12718593,1.0,1.0,,,,,
18:20929994,,,1.0,,,1.0,
18:21113285,,1.0,1.0,,,,
18:21162288,,1.0,1.0,1.0,1.0,1.0,1.0
18:22033261,1.0,1.0,1.0,1.0,1.0,1.0,1.0
18:33848581,,,1.0,1.0,,1.0,
18:44396917,,,,,,1.0,
18:45425478,,,,1.0,,,1.0
18:46094791,1.0,1.0,1.0,1.0,1.0,,1.0
18:46453929,,,1.0,,,,
18:51681244,1.0,1.0,1.0,1.0,1.0,,
18:51820805,,1.0,1.0,1.0,1.0,1.0,
18:55268486,1.0,1.0,1.0,1.0,1.0,,
18:55323945,,1.0,1.0,,,,
18:57100768,1.0,1.0,1.0,1.0,,1.0,1.0
18:57181744,,1.0,,,,1.0,1.0
18:60406536,1.0,,,,,,
18:60998401,,1.0,1.0,1.0,1.0,,1.0
18:61654463,1.0,1.0,1.0,,0.0,1.0,1.0
18:74682214,,,,,,,
18:77138035,1.0,,1.0,1.0,,1.0,
18:77730807,1.0,1.0,1.0,1.0,1.0,1.0,1.0
18:77805949,,1.0,,,,,
19:582775,,1.0,1.0,1.0,1.0,1.0,1.0
19:582927,,1.0,,1.0,,1.0,
19:868115,1.0,1.0,,1.0,1.0,1.0,
19:988136,,,,1.0,,1.0,
19:1088285,1.0,1.0,1.0,1.0,1.0,1.0,1.0
19:1106615,1.0,1.0,1.0,1.0,1.0,1.0,1.0
19:1457875,,,,1.0,,1.0,1.0
19:1925942,,1.0,1.0,,,,
19:2274578,,1.0,,,,1.0,
19:2514565,,,,1.0,,,
19:2714720,1.0,0.0,1.0,1.0,,0.0,0.0
19:2980269,,,1.0,,,,
19:3471275,,,,,,,1.0
19:3767265,1.0,1.0,1.0,1.0,1.0,1.0,1.0
19:4502201,1.0,1.0,,1.0,1.0,1.0,
19:4830628,1.0,,1.0,1.0,,1.0,0.0
19:4847713,,,,1.0,,1.0,
19:4859937,,,,,,,
19:5936689,,,,,,1.0,
19:6436222,,,1.0,1.0,,1.0,1.0
19:7712277,,1.0,1.0,,,,
19:8376431,1.0,1.0,1.0,1.0,1.0,1.0,1.0
19:8669931,,,1.0,,,,
19:10219076,,,,1.0,,,
19:10327812,1.0,,,,1.0,,
19:10444603,0.0,1.0,1.0,0.0,1.0,0.0,1.0
19:11105608,0.0,0.0,1.0,,1.0,1.0,1.0
19:11256285,1.0,1.0,1.0,,1.0,,1.0
19:11275139,1.0,1.0,1.0,1.0,1.0,1.0,
19:13010520,1.0,1.0,0.0,1.0,1.0,0.0,1.0
19:13870153,,,,,,1.0,
19:15270583,1.0,1.0,,1.0,1.0,1.0,
19:16435011,,,,,1.0,,
19:17339112,0.0,1.0,1.0,0.0,0.0,1.0,0.0
19:17513981,1.0,1.0,1.0,1.0,1.0,1.0,1.0
19:17531450,1.0,,,0.0,1.0,1.0,
19:17621508,1.0,,,1.0,,,
19:18288069,1.0,1.0,1.0,1.0,1.0,,
19:18731658,1.0,1.0,,,,,
19:19011244,1.0,1.0,1.0,1.0,1.0,1.0,1.0
19:19287901,1.0,1.0,1.0,1.0,1.0,1.0,1.0
19:19287928,1.0,0.0,1.0,1.0,1.0,0.0,1.0
19:20982627,,,,,,,
19:21474173,,,,,,,
19:21487170,,,,,1.0,,
19:21720803,,1.0,1.0,,,,
19:30817913,,,1.0,,,1.0,
19:30836248,,1.0,,,1.0,,
19:33698291,1.0,1.0,1.0,1.0,1.0,1.0,1.0
19:35224470,1.0,1.0,,,1.0,,
19:35660508,1.0,1.0,1.0,1.0,1.0,1.0,1.0
19:37441111,,1.0,1.0,1.0,1.0,,
19:39369369,,1.0,1.0,1.0,1.0,1.0,1.0
19:39433299,1.0,1.0,1.0,1.0,1.0,1.0,
19:39514844,,1.0,,1.0,1.0,1.0,1.0
19:39924129,1.0,1.0,,1.0,,1.0,
19:41302706,1.0,1.0,1.0,1.0,,,1.0
19:41341589,,,,1.0,,,
19:41869392,1.0,,1.0,,1.0,,
19:41939297,,,,1.0,,,
19:43372386,,1.0,,,,,
19:43979439,,0.0,,1.0,0.0,1.0,
19:44090195,1.0,1.0,1.0,0.0,,,
19:44352639,1.0,,,,,,
19:44352666,,1.0,1.0,,,,
19:45382034,1.0,1.0,1.0,1.0,1.0,1.0,1.0
19:45799442,,,1.0,,,,
19:45854919,0.0,,,1.0,1.0,1.0,
19:45978375,1.0,1.0,1.0,1.0,1.0,0.0,
19:46030154,1.0,1.0,1.0,1.0,1.0,1.0,1.0
19:48564927,,,1.0,1.0,,,
19:49377086,,,1.0,1.0,,1.0,1.0
19:49377319,1.0,1.0,1.0,1.0,,1.0,1.0
19:49377436,1.0,,1.0,,,,1.0
19:49378994,1.0,1.0,1.0,1.0,1.0,1.0,1.0
19:49618778,,,1.0,,,,1.0
19:49663476,,,1.0,,,,
19:49949652,1.0,1.0,1.0,1.0,1.0,,1.0
19:49950298,1.0,1.0,1.0,1.0,1.0,1.0,1.0
19:49989424,1.0,,0.0,0.0,0.0,1.0,1.0
19:51301395,,,1.0,,,,
19:51850290,1.0,1.0,1.0,1.0,1.0,1.0,1.0
19:52735298,1.0,1.0,1.0,0.0,0.0,,
19:53206725,,1.0,,,,,1.0
19:53452769,,,1.0,1.0,,1.0,
19:53577419,,,1.0,,,,
19:53587370,,,1.0,1.0,,,
19:53643497,,,1.0,,,1.0,
19:53719115,,,,1.0,,,
19:54697079,,1.0,1.0,,1.0,,
19:54973280,,,1.0,1.0,1.0,,
19:55859439,,,1.0,,,1.0,
19:58379892,,0.0,1.0,1.0,,,
19:58770883,,1.0,,,1.0,1.0,
19:58866434,1.0,1.0,1.0,1.0,1.0,1.0,1.0
2:3193040,1.0,1.0,1.0,1.0,1.0,0.0,1.0
2:9640526,,1.0,1.0,,1.0,,
2:10050947,1.0,1.0,,1.0,1.0,1.0,1.0
2:10050960,1.0,1.0,0.0,1.0,1.0,1.0,1.0
2:10059770,1.0,1.0,,1.0,,,
2:10059844,,0.0,1.0,1.0,,1.0,
2:10271196,,1.0,,,,,
2:10314596,,,,,,,
2:10533921,,,1.0,,,,1.0
2:10830744,,,1.0,,,,
2:11300732,,,,,1.0,1.0,
2:11359120,,,1.0,1.0,1.0,,
2:17884495,0.0,1.0,1.0,,1.0,1.0,
2:17934162,1.0,1.0,1.0,0.0,1.0,1.0,
2:20113088,,,1.0,,,,
2:20824498,,1.0,1.0,,,,
2:20884973,,1.0,1.0,,1.0,1.0,
2:24390517,,1.0,,,,,
2:24925294,,,1.0,,,,
2:27003021,1.0,1.0,1.0,,1.0,1.0,1.0
2:27422605,1.0,1.0,1.0,1.0,1.0,1.0,1.0
2:27600239,1.0,1.0,1.0,1.0,0.0,1.0,1.0
2:27840640,,,,,,1.0,
2:32447718,,,,,,,
2:36590010,1.0,1.0,1.0,1.0,1.0,1.0,1.0
2:36810133,,1.0,,,,,
2:36810586,,,,1.0,,,
2:37438993,,,1.0,,,,
2:37872508,1.0,1.0,,,1.0,1.0,0.0
2:38296890,,,,,,,
2:38297170,1.0,1.0,1.0,1.0,1.0,1.0,1.0
2:38297515,,,,1.0,,,
2:38298150,,,,,,,
2:39109558,0.0,1.0,1.0,,0.0,0.0,0.0
2:39979125,1.0,1.0,1.0,,,,1.0
2:42936547,1.0,1.0,1.0,1.0,,,1.0
2:42950753,,,,,,,1.0
2:43502477,,,,,,,
2:47086006,1.0,0.0,0.0,1.0,,1.0,0.0
2:47086112,1.0,1.0,,1.0,1.0,,
2:47133055,,1.0,,1.0,,,
2:53932669,,,1.0,,,,
2:55271875,1.0,,1.0,,1.0,1.0,
2:55470115,,,,,,,
2:55490819,,1.0,1.0,,,,1.0
2:55771161,1.0,1.0,1.0,1.0,1.0,1.0,1.0
2:55776793,1.0,,,,1.0,1.0,
2:58388696,1.0,1.0,1.0,1.0,1.0,1.0,
2:61370819,1.0,,1.0,1.0,1.0,0.0,1.0
2:65481008,1.0,,,1.0,,,
2:65495283,1.0,1.0,1.0,1.0,,,1.0
2:65496018,1.0,1.0,0.0,1.0,1.0,0.0,1.0
2:66726568,,,,,,,
2:68364478,,,,,,1.0,
2:68388823,,,1.0,1.0,,,
2:70223101,,,1.0,1.0,,,
2:71376201,,,,,,,
2:71376999,1.0,,,1.0,1.0,0.0,1.0
2:71658541,,,1.0,,1.0,,
2:85545490,,1.0,1.0,1.0,1.0,1.0,
2:85554080,,1.0,1.0,1.0,1.0,1.0,
2:85622059,1.0,1.0,1.0,1.0,1.0,1.0,1.0
2:85769711,,,,,,,
2:88326821,1.0,,1.0,1.0,1.0,1.0,1.0
2:97020049,1.0,,,1.0,,1.0,
2:99812070,1.0,1.0,1.0,1.0,1.0,1.0,1.0
2:99847890,,,,,1.0,,
2:99992822,,1.0,,,,,
2:100055158,1.0,,,,,1.0,
2:101622728,0.0,1.0,0.0,1.0,0.0,,0.0
2:101638888,,1.0,,,,,
2:101642260,,1.0,1.0,,1.0,0.0,1.0
2:102374959,1.0,,,,,,
2:102508146,1.0,1.0,1.0,1.0,,1.0,1.0
2:102769373,,,,,1.0,,
2:106460814,1.0,,1.0,1.0,,,
2:109301074,,1.0,,1.0,,,
2:109767173,,,1.0,,,,
2:111992975,1.0,1.0,,1.0,1.0,,
2:112010486,,,,1.0,,,
2:120060082,1.0,1.0,1.0,1.0,1.0,,1.0
2:120734635,,1.0,,,,,
2:127454230,1.0,1.0,1.0,1.0,1.0,0.0,1.0
2:128063945,,,,,,1.0,
2:128939817,,1.0,,,,,1.0
2:148817543,,1.0,,,0.0,1.0,
2:150425265,,,1.0,,,,
2:152226570,,1.0,,,,,
2:152236398,0.0,1.0,1.0,1.0,1.0,,0.0
2:152320118,,1.0,,,,,
2:153271524,0.0,1.0,1.0,,,0.0,
2:153523111,,,,1.0,,,
2:157391734,,1.0,,1.0,1.0,1.0,
2:159364472,,,1.0,,,1.0,
2:161163559,,1.0,,1.0,1.0,,
2:161180007,,,,,1.0,,1.0
2:161333557,,1.0,,1.0,,,
2:162092640,1.0,1.0,1.0,,1.0,1.0,1.0
2:168824134,1.0,,,,1.0,1.0,
2:169597668,1.0,1.0,,,,,
2:169721377,,,,,1.0,,
2:170493103,1.0,1.0,1.0,,0.0,1.0,1.0
2:172641045,,1.0,0.0,,1.0,,
2:174086672,0.0,1.0,1.0,1.0,0.0,,
2:180810358,,,,,1.0,,
2:181878770,,,,,,,
2:181903964,1.0,1.0,0.0,1.0,,1.0,
2:183584755,,,1.0,1.0,,,
2:190635143,,1.0,1.0,1.0,,,
2:191064753,,,1.0,1.0,1.0,,
2:191224981,,,1.0,1.0,1.0,,
2:191366579,,1.0,,,,,
2:191366707,,,1.0,,,,
2:196912067,,1.0,,,,,
2:197262413,,,,,1.0,1.0,
2:201689742,1.0,1.0,,,1.0,,
2:203888858,,,,,,1.0,
2:204154552,,,,,1.0,,
2:205926400,,,,,1.0,,
2:208477852,,,,,,,
2:216276991,1.0,1.0,1.0,1.0,1.0,1.0,1.0
2:216298084,1.0,0.0,1.0,,1.0,1.0,1.0
2:216300185,0.0,0.0,1.0,1.0,1.0,1.0,
2:218668732,,,,1.0,,,
2:219080978,1.0,,1.0,1.0,1.0,,1.0
2:219103580,,1.0,,1.0,,,
2:219941063,,,,1.0,,1.0,
2:220048150,1.0,1.0,1.0,,1.0,1.0,
2:220358198,,1.0,1.0,,,,1.0
2:220506522,1.0,,1.0,,,,
2:222438968,,,,,,,
2:225774612,,1.0,1.0,,1.0,1.0,1.0
2:231072709,1.0,,,1.0,,,
2:231333763,0.0,1.0,0.0,1.0,1.0,0.0,1.0
2:232196597,1.0,1.0,1.0,1.0,1.0,1.0,1.0
2:233723182,1.0,1.0,1.0,1.0,1.0,1.0,1.0
2:234394487,1.0,,1.0,1.0,1.0,,1.0
2:234394569,1.0,,1.0,1.0,,0.0,
2:234776751,,,,1.0,,,
2:237992613,,1.0,,,,,
2:238317822,1.0,,1.0,1.0,,,
2:238561083,,1.0,1.0,,,1.0,
2:239336492,,,,,,,
2:239697444,,,1.0,,,,1.0
2:239897650,,,,,,,
2:241405528,1.0,1.0,1.0,1.0,1.0,1.0,1.0
2:242028741,,1.0,1.0,0.0,1.0,1.0,
20:269006,1.0,,1.0,1.0,1.0,1.0,
20:3891896,1.0,,1.0,1.0,,1.0,1.0
20:7961715,,,0.0,1.0,1.0,,1.0
20:7980390,,,0.0,,1.0,1.0,1.0
20:8220069,1.0,1.0,1.0,1.0,1.0,,
20:8755243,1.0,,,1.0,,,1.0
20:13747441,1.0,1.0,1.0,1.0,1.0,1.0,1.0
20:15572152,,,,1.0,,,
20:17596155,,,1.0,1.0,1.0,,
20:18168353,,1.0,,1.0,1.0,,
20:21142813,,,,,,1.0,1.0
20:23352685,1.0,,,1.0,,,
20:23613750,,,,,,1.0,
20:25207074,0.0,1.0,1.0,1.0,1.0,0.0,1.0
20:25354561,,,1.0,,,,
20:30157026,1.0,1.0,1.0,1.0,1.0,,0.0
20:32110204,,1.0,1.0,,,,1.0
20:32295541,1.0,1.0,0.0,1.0,1.0,1.0,1.0
20:33470694,1.0,1.0,,1.0,,,
20:33864484,,1.0,1.0,1.0,1.0,0.0,0.0
20:35519475,,1.0,1.0,1.0,1.0,,
20:35865054,1.0,1.0,1.0,1.0,1.0,1.0,1.0
20:39808660,1.0,0.0,1.0,1.0,1.0,1.0,
20:43356156,1.0,1.0,1.0,1.0,1.0,1.0,0.0
20:43996012,1.0,1.0,1.0,0.0,1.0,1.0,
20:44451901,,,,1.0,,1.0,
20:44452697,1.0,,1.0,1.0,1.0,1.0,
20:47713063,1.0,1.0,0.0,0.0,0.0,1.0,1.0
20:47859217,1.0,1.0,,,,1.0,1.0
20:48121978,,,,1.0,,,
20:50213549,1.0,0.0,1.0,,1.0,1.0,
20:52105972,1.0,1.0,1.0,1.0,1.0,1.0,
20:53262327,1.0,,,1.0,,1.0,
20:53267627,,1.0,1.0,1.0,1.0,,1.0
20:54961463,1.0,1.0,1.0,0.0,1.0,1.0,1.0
20:55088404,,1.0,,1.0,1.0,,1.0
20:56942312,,1.0,1.0,0.0,1.0,1.0,1.0
20:57290347,1.0,1.0,1.0,1.0,1.0,1.0,1.0
20:57290846,1.0,1.0,1.0,1.0,1.0,1.0,
20:57475191,,,,1.0,,,
20:57569816,1.0,1.0,1.0,1.0,1.0,1.0,1.0
20:59913132,,,1.0,,,1.0,
20:60776182,1.0,1.0,1.0,,,1.0,
20:60964064,,,,,1.0,,
20:61303566,,,1.0,,,,
20:62221249,1.0,,1.0,,,1.0,
21:15745269,1.0,1.0,1.0,,1.0,1.0,
21:28216595,,1.0,,1.0,1.0,,
21:28296135,1.0,1.0,1.0,,1.0,,1.0
21:30341891,1.0,1.0,1.0,1.0,1.0,1.0,
21:30408670,1.0,1.0,1.0,0.0,,1.0,1.0
21:30871356,,,1.0,,1.0,,1.0
21:33964537,,,1.0,,,,
21:34669381,1.0,1.0,1.0,1.0,1.0,1.0,
21:34809693,1.0,1.0,1.0,1.0,1.0,1.0,1.0
21:35281393,1.0,1.0,1.0,1.0,1.0,1.0,1.0
21:35459622,,,,,,1.0,
21:37442632,,,1.0,,1.0,,
21:37444973,,1.0,1.0,0.0,1.0,,0.0
21:37445313,1.0,1.0,1.0,1.0,1.0,1.0,1.0
21:37507769,,,,1.0,,,
21:37518706,1.0,1.0,1.0,1.0,1.0,1.0,1.0
21:37709667,,,,,1.0,,
21:42647821,,,1.0,,1.0,,
21:44324365,1.0,1.0,1.0,1.0,1.0,1.0,1.0
21:45404338,1.0,0.0,0.0,1.0,1.0,0.0,
21:45752176,1.0,,1.0,1.0,1.0,,
21:46932328,1.0,1.0,,1.0,,0.0,0.0
21:47535248,1.0,1.0,,1.0,1.0,1.0,1.0
21:47538960,1.0,1.0,1.0,1.0,1.0,1.0,
21:48077812,,,1.0,,1.0,,
22:18220831,0.0,,1.0,1.0,,0.0,1.0
22:18270779,,1.0,,,,,
22:18312343,1.0,,,,,1.0,1.0
22:20876509,1.0,,,,,,
22:21115244,,1.0,,,,,
22:21243643,,1.0,,,,,1.0
22:24108977,,,,,1.0,,
22:24964128,1.0,1.0,1.0,1.0,1.0,1.0,1.0
22:26916722,,1.0,,,,,
22:27240293,1.0,,,1.0,1.0,,
22:28398528,,,,,,,
22:30184950,,,1.0,1.0,,1.0,
22:31022952,,,1.0,,0.0,1.0,0.0
22:31058115,,,1.0,1.0,1.0,1.0,
22:31491332,,,,,,,
22:33210005,,1.0,1.0,1.0,1.0,0.0,1.0
22:35660875,,,,1.0,,,1.0
22:36622906,1.0,1.0,1.0,,,1.0,
22:36907098,1.0,,,1.0,,,
22:38079239,,1.0,,1.0,,,
22:38085475,,,,,,,
22:38140352,,1.0,,1.0,,,
22:38877461,1.0,,0.0,0.0,1.0,0.0,1.0
22:39477123,,1.0,,,,,
22:42245763,,,,1.0,,,
22:42281429,,,,,1.0,,
22:42652716,1.0,,,,1.0,,
22:43558926,1.0,1.0,1.0,1.0,1.0,1.0,1.0
22:43558972,1.0,1.0,1.0,1.0,1.0,1.0,1.0
22:43559137,1.0,1.0,1.0,1.0,1.0,1.0,1.0
22:43562829,0.0,,1.0,,1.0,,1.0
22:44083442,1.0,,,,,,
22:44395451,,,1.0,,,,
22:45826880,,1.0,,1.0,,,
22:46976557,,,,1.0,,,
22:47418310,,,,,,,
22:47548321,,,,,,1.0,
22:48829790,,,1.0,1.0,,,
22:50357416,,1.0,1.0,1.0,1.0,1.0,1.0
22:50764057,,1.0,,,1.0,,
22:50814524,,,,1.0,,,
22:50962208,1.0,1.0,1.0,1.0,1.0,1.0,1.0
3:5167618,,,,1.0,,,1.0
3:8955389,,,,1.0,,,
3:9426224,,0.0,0.0,,1.0,1.0,1.0
3:9431750,1.0,1.0,1.0,1.0,,,1.0
3:9876919,0.0,,1.0,0.0,1.0,1.0,
3:15305870,,1.0,,,1.0,1.0,
3:15483830,1.0,,,,1.0,1.0,1.0
3:16268986,,1.0,,,,1.0,
3:16364954,0.0,,1.0,0.0,,0.0,1.0
3:16433519,,,1.0,,,,
3:20167830,1.0,,,1.0,,,1.0
3:24483794,,,,,,1.0,1.0
3:29597791,,1.0,,1.0,,,
3:30710243,,,,,,,
3:33043203,,,1.0,1.0,,,1.0
3:33186356,1.0,0.0,1.0,1.0,1.0,0.0,1.0
3:33434831,1.0,,,,,,
3:33882134,1.0,,1.0,,,,
3:37095070,,,,,,1.0,
3:37366459,1.0,1.0,0.0,1.0,1.0,1.0,
3:38404472,,,,1.0,1.0,,
3:39180263,,,1.0,1.0,1.0,,
3:39214312,,,1.0,,,,
3:41925398,,1.0,1.0,,,1.0,1.0
3:42105675,,1.0,1.0,1.0,1.0,,1.0
3:42636141,,1.0,,1.0,,,1.0
3:43120835,,0.0,1.0,0.0,,0.0,0.0
3:44450564,,,,1.0,1.0,,
3:45052775,1.0,1.0,1.0,1.0,1.0,1.0,1.0
3:45124169,1.0,1.0,1.0,,1.0,1.0,
3:45759654,,,1.0,,1.0,,
3:46556948,1.0,1.0,1.0,1.0,1.0,,
3:46576081,,,1.0,,,,
3:47126543,,,,1.0,1.0,,1.0
3:47943861,1.0,,,,,,
3:48312229,1.0,,1.0,,,,
3:48787219,1.0,1.0,,,1.0,,
3:49396751,1.0,1.0,1.0,1.0,1.0,1.0,1.0
3:52720080,,,1.0,,1.0,1.0,1.0
3:52721305,,,,1.0,1.0,1.0,1.0
3:52727257,,,1.0,1.0,1.0,1.0,1.0
3:53240854,,1.0,,,,,
3:53899565,,1.0,,0.0,1.0,,
3:56861222,1.0,,,,,,
3:57573846,,,,,,,1.0
3:61549295,,,,,,,
3:63982082,1.0,1.0,1.0,,,1.0,1.0
3:64225376,,,1.0,,,,
3:65597953,,,,,,,
3:65746365,,,1.0,,,,
3:66428282,0.0,1.0,1.0,1.0,0.0,0.0,
3:66490125,,,,1.0,,1.0,1.0
3:67426125,,1.0,1.0,1.0,,1.0,
3:67615531,,1.0,,,,,
3:69082708,,,1.0,,1.0,,1.0
3:69126495,,1.0,1.0,1.0,1.0,1.0,
3:69153854,1.0,1.0,1.0,1.0,1.0,1.0,1.0
3:78972040,,,1.0,,1.0,,
3:87038154,1.0,1.0,1.0,1.0,1.0,1.0,0.0
3:93593119,1.0,1.0,,1.0,,1.0,
3:97664725,1.0,,1.0,,,,
3:98225441,1.0,1.0,1.0,1.0,1.0,1.0,1.0
3:98298600,1.0,,1.0,0.0,1.0,1.0,
3:99418950,1.0,,1.0,,,,
3:101569726,1.0,1.0,1.0,,,,
3:105398047,1.0,,1.0,1.0,1.0,,
3:108309709,1.0,,1.0,,,1.0,
3:112341941,1.0,,1.0,1.0,1.0,1.0,1.0
3:115965295,,,,,,1.0,
3:116404027,,,,,,,1.0
3:120165097,,1.0,1.0,,,,
3:122449657,1.0,,,1.0,1.0,1.0,1.0
3:123212563,,,,1.0,1.0,1.0,
3:124691470,,,1.0,,,,
3:124738107,,,,,1.0,,
3:126574836,,,,,,1.0,
3:127799983,,1.0,1.0,1.0,1.0,0.0,1.0
3:127898533,,,,,,1.0,
3:130547086,1.0,1.0,1.0,1.0,1.0,1.0,
3:132294075,1.0,,,1.0,,,
3:135720673,,,1.0,,,,
3:135720851,,,1.0,,,,
3:135722264,,,1.0,1.0,,1.0,
3:136574501,1.0,1.0,1.0,1.0,1.0,1.0,1.0
3:138289163,,,,1.0,,,
3:138289221,,,,1.0,,,
3:139009532,,1.0,1.0,1.0,1.0,1.0,1.0
3:142446205,,0.0,,,,1.0,
3:143293012,,,,,,,
3:143360568,,,,,,1.0,
3:143482873,,,1.0,,,,
3:145917761,,1.0,1.0,1.0,,,
3:148460700,1.0,1.0,1.0,1.0,1.0,,1.0
3:149668016,,,1.0,1.0,1.0,1.0,
3:150146026,,1.0,,,,,
3:154018887,,1.0,1.0,0.0,1.0,1.0,
3:155485302,,1.0,,,,,
3:157928024,0.0,,1.0,1.0,,,1.0
3:158320703,1.0,,1.0,,,1.0,
3:160154258,1.0,1.0,,,,,
3:170893070,1.0,1.0,1.0,,,,
3:171969077,,,,,,,
3:172126421,,,,1.0,,1.0,
3:174296459,,,,,,,1.0
3:174951756,,1.0,,,,,
3:179162316,,,,,1.0,,1.0
3:179289429,,,,,,1.0,
3:183477126,1.0,1.0,1.0,0.0,1.0,1.0,
3:183637845,,1.0,,,1.0,,
3:184039666,1.0,,1.0,1.0,,,1.0
3:184063791,1.0,1.0,1.0,1.0,1.0,1.0,
3:184945849,,,1.0,,,,
3:185686741,,1.0,,,1.0,,
3:186507922,,,,,,1.0,
3:187947668,,,,,,,
3:187971048,,,,,,,
3:188590446,,,1.0,,1.0,,1.0
3:191097966,,1.0,,,,,
3:193334991,1.0,,,1.0,,,
3:193412672,1.0,1.0,1.0,1.0,1.0,,1.0
3:197495334,1.0,1.0,1.0,,1.0,,
3:197566540,,,1.0,,1.0,,
4:1164277,,1.0,1.0,1.0,1.0,,
4:1165130,,,,1.0,1.0,,
4:2743999,,,,,1.0,,
4:3242100,0.0,0.0,1.0,1.0,1.0,1.0,
4:3514695,,0.0,,0.0,0.0,1.0,1.0
4:5668688,,,,1.0,,,
4:6718775,1.0,1.0,1.0,1.0,1.0,1.0,1.0
4:8368604,1.0,0.0,0.0,1.0,1.0,1.0,
4:16600664,,1.0,1.0,1.0,,1.0,
4:16851024,,,,1.0,1.0,,
4:17488064,1.0,1.0,1.0,1.0,,1.0,1.0
4:17488132,1.0,1.0,0.0,1.0,,1.0,1.0
4:20377167,,,1.0,,,,
4:20620683,1.0,,1.0,1.0,1.0,1.0,1.0
4:24801949,,,,1.0,,,
4:24801976,,,1.0,1.0,1.0,,1.0
4:25363901,1.0,,,,1.0,1.0,
4:25931325,1.0,1.0,1.0,1.0,1.0,1.0,1.0
4:26756855,,1.0,1.0,,1.0,,
4:38666972,1.0,0.0,1.0,1.0,1.0,1.0,
4:38930921,1.0,1.0,1.0,1.0,1.0,1.0,1.0
4:38933859,,,,1.0,1.0,,
4:39500514,1.0,1.0,1.0,1.0,1.0,,1.0
4:39501086,1.0,1.0,1.0,1.0,1.0,1.0,1.0
4:40121562,1.0,,1.0,1.0,,,
4:47514685,,,,,1.0,,
4:54074642,1.0,,1.0,,1.0,,
4:76453149,,,,1.0,,,
4:76650443,,,1.0,,,,
4:76720885,1.0,,1.0,,,,
4:77694258,,1.0,,,,1.0,
4:79531308,,,1.0,1.0,1.0,1.0,1.0
4:79531553,,,1.0,1.0,1.0,1.0,
4:83551119,,,1.0,,,,
4:84374480,1.0,1.0,0.0,1.0,,1.0,
4:84526536,,1.0,,,,,
4:87706506,,1.0,,,1.0,,
4:95173779,,,1.0,,,,
4:95586224,,,,1.0,,1.0,
4:95589337,,1.0,1.0,1.0,,,
4:99992602,0.0,0.0,1.0,,0.0,0.0,
4:101107276,1.0,,1.0,1.0,1.0,1.0,1.0
4:106317429,,1.0,1.0,1.0,1.0,1.0,1.0
4:110605744,1.0,1.0,0.0,1.0,,0.0,
4:114224592,,,,,,1.0,
4:114365275,,,,,,1.0,
4:114626186,1.0,,,,,1.0,
4:114898691,1.0,1.0,1.0,,1.0,1.0,
4:119240618,1.0,,,,,,
4:119272958,1.0,,1.0,,,,
4:120138824,,1.0,1.0,1.0,,1.0,1.0
4:121738049,,,1.0,,,,
4:121759338,,,,,,,
4:123838758,,1.0,1.0,1.0,,1.0,
4:129043204,,,,,,,
4:140919083,,,1.0,1.0,,,
4:141569847,1.0,1.0,,,,,
4:149000024,,,,,,,1.0
4:156274377,,1.0,0.0,1.0,,,
4:156281371,,1.0,,,,,
4:159045966,1.0,,1.0,,,,
4:159630817,1.0,0.0,0.0,1.0,1.0,,1.0
4:164049916,,1.0,1.0,1.0,0.0,,
4:174447389,,,,1.0,1.0,,
4:175237408,,,,,,1.0,
4:183272312,,1.0,,1.0,,,
4:183812287,1.0,1.0,1.0,0.0,1.0,,1.0
4:183812351,1.0,1.0,1.0,1.0,1.0,,1.0
4:185549130,1.0,1.0,1.0,0.0,,1.0,1.0
4:186111639,1.0,1.0,1.0,1.0,1.0,1.0,1.0
4:186112111,,1.0,,1.0,,,1.0
4:187122319,,1.0,,,,,
4:187508057,,,,,,,
5:311478,,,,,,,
5:7859434,,1.0,0.0,1.0,1.0,1.0,1.0
5:9558232,,,1.0,,,,
5:14159211,1.0,1.0,,1.0,,1.0,
5:31401447,1.0,1.0,1.0,1.0,1.0,1.0,1.0
5:32400266,,,0.0,1.0,,1.0,
5:33731503,1.0,1.0,1.0,1.0,1.0,,
5:37839633,,,1.0,,,,
5:38496262,,1.0,,,,,
5:39370907,1.0,1.0,1.0,1.0,,,
5:52096889,,,1.0,,,,
5:52252191,,,,1.0,,,
5:52979097,1.0,1.0,1.0,1.0,1.0,1.0,1.0
5:54459961,1.0,1.0,1.0,1.0,,,
5:54603822,,,1.0,1.0,,,
5:54790559,,,1.0,,1.0,1.0,
5:55422681,,,1.0,,,,
5:60754419,,,1.0,,1.0,,
5:61686647,,1.0,,1.0,,,
5:64099769,1.0,,,,1.0,,
5:64273394,,1.0,1.0,,,1.0,
5:64719601,,,,,1.0,,1.0
5:64881936,,,1.0,1.0,,,
5:71454175,,1.0,1.0,1.0,,,
5:71490962,1.0,1.0,1.0,1.0,1.0,1.0,1.0
5:71515616,1.0,1.0,1.0,1.0,1.0,1.0,1.0
5:73992881,,,1.0,,,,
5:74069863,,1.0,1.0,0.0,1.0,1.0,1.0
5:76734084,,,,,,,
5:76738927,1.0,,,1.0,1.0,,
5:78573790,,1.0,,,1.0,,
5:79952034,,,,,,1.0,
5:80168937,,,,,,,
5:81549240,,,,,1.0,,
5:81571669,1.0,0.0,1.0,1.0,1.0,1.0,
5:82350810,,,1.0,1.0,1.0,,
5:93987532,1.0,,,1.0,,1.0,1.0
5:95084131,1.0,1.0,1.0,1.0,0.0,,1.0
5:96086334,1.0,0.0,1.0,1.0,1.0,1.0,1.0
5:96109610,,,1.0,,,1.0,
5:96112083,,,1.0,,,,
5:96120455,,,1.0,1.0,,,
5:106831574,,,,1.0,,1.0,
5:107410205,1.0,,,,1.0,1.0,
5:108714298,,1.0,1.0,1.0,,,
5:109113609,1.0,1.0,1.0,,1.0,,
5:112212151,0.0,0.0,1.0,1.0,,1.0,1.0
5:112228667,1.0,1.0,1.0,,,1.0,
5:112885560,,,1.0,,,,
5:112929694,,1.0,,1.0,,,
5:114916090,,1.0,0.0,,1.0,,
5:114951553,,1.0,0.0,1.0,1.0,1.0,
5:122950911,1.0,1.0,1.0,1.0,1.0,1.0,1.0
5:125828803,,,1.0,,,,
5:125880589,1.0,,1.0,1.0,1.0,1.0,1.0
5:132441302,,,,1.0,,,
5:138272536,,,1.0,1.0,,1.0,
5:138632030,1.0,1.0,1.0,1.0,1.0,,
5:140861801,,1.0,,1.0,,,
5:141019110,,,1.0,,,,
5:141367898,,,1.0,1.0,,,
5:142779317,,0.0,1.0,,,,
5:149406733,,,1.0,1.0,,,
5:149937739,1.0,1.0,1.0,,1.0,0.0,1.0
5:150845369,,,1.0,1.0,1.0,,
5:150909672,,,1.0,1.0,,,
5:151042029,1.0,1.0,1.0,1.0,1.0,1.0,1.0
5:153413390,,,,1.0,,,1.0
5:153434407,,,1.0,,,,
5:153800513,,,1.0,,,1.0,1.0
5:154256175,1.0,,1.0,0.0,0.0,0.0,0.0
5:154291409,1.0,,,,1.0,,1.0
5:157164962,,,,,,,1.0
5:158698068,,,1.0,,,,
5:167258672,,1.0,,,,,
5:167582769,1.0,1.0,1.0,1.0,,,
5:167676736,,,,1.0,1.0,,
5:169028481,1.0,1.0,1.0,1.0,1.0,,
5:169031218,1.0,1.0,1.0,,,,
5:169289206,1.0,0.0,1.0,,1.0,,1.0
5:170838791,,1.0,1.0,1.0,,,
5:176569188,,,,1.0,,,1.0
5:177023098,1.0,1.0,1.0,1.0,1.0,1.0,1.0
5:177041772,,1.0,,,,,
5:177043366,,,,,,1.0,
5:177637882,0.0,1.0,1.0,1.0,0.0,,1.0
5:178507048,,1.0,,,,,
5:178540975,0.0,0.0,,1.0,0.0,1.0,
5:179156782,1.0,1.0,0.0,1.0,1.0,1.0,0.0
5:179264731,1.0,,1.0,1.0,1.0,1.0,1.0
5:179273820,,,,,,1.0,
5:180218668,,,,,1.0,,
6:486193,,1.0,1.0,,1.0,1.0,
6:1510231,,,1.0,,,,
6:1899671,1.0,1.0,1.0,1.0,,1.0,1.0
6:2059110,,,1.0,,,,
6:2779882,,,,1.0,,,
6:2838046,,,,,,,
6:2966681,,,,1.0,1.0,,
6:2991195,1.0,,,,,1.0,
6:3717713,1.0,1.0,1.0,1.0,1.0,,
6:4031998,1.0,,1.0,1.0,1.0,1.0,
6:4116262,1.0,1.0,1.0,,0.0,1.0,1.0
6:5159064,,,1.0,,,,
6:13144838,1.0,,,,1.0,,1.0
6:16477220,1.0,,1.0,,0.0,,
6:17417227,1.0,,,,,,
6:17514637,,,,1.0,,,
6:19842497,1.0,,,,,,
6:20661034,,,,1.0,,,
6:24669945,,1.0,1.0,,1.0,,
6:28201138,1.0,1.0,,1.0,,1.0,
6:29913542,1.0,1.0,1.0,1.0,1.0,1.0,1.0
6:30025503,,,1.0,,,,
6:30032522,1.0,1.0,1.0,,0.0,1.0,0.0
6:30233558,,,,,,,1.0
6:30526845,,,1.0,,,,
6:30867666,,,1.0,,1.0,,
6:30893941,1.0,1.0,1.0,,,,
6:31085770,,,1.0,,,1.0,
6:31107648,,,,1.0,1.0,1.0,
6:31110391,1.0,1.0,1.0,,1.0,1.0,0.0
6:31237124,1.0,1.0,1.0,1.0,1.0,1.0,1.0
6:31322303,,,,,,1.0,
6:31350704,,,,,,,
6:31463491,1.0,,1.0,,,1.0,
6:31618761,,,1.0,1.0,1.0,,
6:31632134,1.0,1.0,1.0,,,1.0,
6:31641139,,,,1.0,,,
6:32071893,,,1.0,,,,
6:32083175,,0.0,1.0,1.0,1.0,,1.0
6:32120715,1.0,1.0,1.0,1.0,1.0,1.0,1.0
6:32412580,,,1.0,1.0,,,1.0
6:32813214,,1.0,1.0,0.0,1.0,0.0,
6:32832667,,,,1.0,,,1.0
6:32944746,,,,,,,
6:33218180,1.0,1.0,1.0,1.0,1.0,,1.0
6:33258443,,1.0,1.0,1.0,1.0,,1.0
6:33267672,1.0,1.0,1.0,1.0,1.0,0.0,1.0
6:35395618,,1.0,1.0,,1.0,,
6:36932571,,,1.0,1.0,,,
6:38670067,,,1.0,1.0,,,1.0
6:42025318,,1.0,1.0,0.0,0.0,,
6:52380641,,1.0,,,,,
6:52842781,1.0,1.0,1.0,1.0,1.0,1.0,
6:52842839,1.0,0.0,1.0,0.0,,0.0,
6:52843131,,,,,,,
6:52963071,,,1.0,1.0,,,
6:56463410,,,1.0,,1.0,,
6:66953453,,1.0,1.0,,,,
6:70385709,,,1.0,,1.0,,
6:71289189,1.0,,1.0,,,,
6:74200726,,,1.0,,,,
6:74489384,,,1.0,,,,
6:74529922,,1.0,,1.0,,,
6:75797302,,1.0,,,,,
6:75834248,,1.0,,,,,
6:76344431,1.0,,1.0,0.0,1.0,1.0,1.0
6:79595097,,,,1.0,,,
6:79657391,,,1.0,,1.0,,
6:79692751,0.0,1.0,0.0,,0.0,0.0,0.0
6:81059188,,,1.0,1.0,,,
6:90039670,1.0,,,1.0,,1.0,
6:90565242,,,1.0,,,,
6:97339078,1.0,,1.0,0.0,0.0,0.0,1.0
6:97339088,1.0,1.0,1.0,1.0,1.0,1.0,1.0
6:101275792,,,,,,1.0,
6:106987370,1.0,,,,1.0,1.0,1.0
6:107113715,,1.0,,,1.0,,
6:108365658,1.0,1.0,0.0,0.0,0.0,1.0,
6:109783941,1.0,1.0,1.0,1.0,,1.0,
6:110011458,1.0,,,,,,
6:111620758,,,1.0,,,,
6:112493872,,1.0,1.0,1.0,,1.0,
6:117869850,,,,,1.0,1.0,
6:118886615,,1.0,,,,,
6:119500239,,1.0,1.0,,,,
6:119519092,,1.0,1.0,,1.0,1.0,
6:119596914,1.0,1.0,1.0,,,,
6:127476516,1.0,1.0,1.0,,1.0,,1.0
6:127669744,,,,,,,1.0
6:128311140,1.0,,,,,,
6:130020347,1.0,,,1.0,,,
6:135784283,,1.0,,,,,
6:136952930,,,1.0,,1.0,,
6:138413269,1.0,1.0,1.0,1.0,1.0,1.0,1.0
6:138413333,1.0,1.0,1.0,,1.0,,
6:139018132,1.0,1.0,,,1.0,,
6:144268954,,,,1.0,,,
6:147680359,,1.0,,,1.0,,
6:147709180,1.0,,,,,,
6:148613771,1.0,,,,,,
6:148630465,,,,1.0,,,
6:148667310,1.0,1.0,1.0,1.0,1.0,1.0,1.0
6:148770505,,,1.0,,1.0,,1.0
6:148869910,1.0,0.0,1.0,1.0,1.0,1.0,1.0
6:149106191,,1.0,,1.0,,1.0,
6:151252985,1.0,,,,,,
6:151669875,,,1.0,,,,
6:151670172,1.0,1.0,1.0,1.0,1.0,1.0,1.0
6:152547151,,,,1.0,,,
6:155362547,,1.0,,,,,1.0
6:155606325,,1.0,,1.0,,,
6:157352528,,,,,,,
6:157865334,,1.0,,,,,
6:158264260,,1.0,,1.0,,1.0,1.0
6:158365035,,,,,,,
6:158472445,,,,,1.0,,
6:158498519,0.0,1.0,1.0,1.0,1.0,1.0,1.0
6:158513586,,,1.0,1.0,1.0,1.0,1.0
6:158517308,,,,,,,
6:162165362,1.0,1.0,,,,,
6:162527631,,,1.0,1.0,,,1.0
6:163736204,1.0,,,,,,
6:167271716,1.0,1.0,1.0,,,1.0,1.0
6:169616423,1.0,1.0,1.0,,0.0,,1.0
6:170714331,1.0,,1.0,,,,
6:170886531,,1.0,1.0,1.0,1.0,0.0,1.0
7:1629188,,1.0,,,1.0,,
7:1787236,1.0,1.0,,,1.0,,
7:2646796,,,,,,,1.0
7:2649704,,,0.0,1.0,1.0,,
7:2649819,,,,,1.0,,
7:6063283,1.0,1.0,,1.0,,1.0,1.0
7:7918642,1.0,0.0,1.0,0.0,1.0,1.0,0.0
7:8007509,1.0,,1.0,1.0,1.0,1.0,
7:11022230,1.0,1.0,1.0,1.0,1.0,1.0,
7:11130664,,,,,,1.0,
7:15651158,1.0,,1.0,,,,1.0
7:16127297,,,,,,,
7:16639615,1.0,1.0,1.0,1.0,1.0,1.0,
7:16640358,,,,,,,1.0
7:19036775,,,,1.0,,,
7:19055280,,1.0,,1.0,1.0,1.0,1.0
7:22980638,1.0,1.0,1.0,1.0,,1.0,
7:27202289,1.0,1.0,1.0,,0.0,1.0,1.0
7:30588091,,,1.0,,,,
7:32908704,,1.0,,,,1.0,
7:32953295,,,1.0,,,,
7:33644941,,,,1.0,,1.0,
7:33662618,,,,,1.0,,
7:34151057,,,,,1.0,,
7:39667599,,,1.0,,,,
7:40868141,,1.0,,,,,
7:42055725,,,1.0,,,1.0,1.0
7:43997075,,,,,,,
7:44153780,,1.0,1.0,1.0,1.0,1.0,1.0
7:44800176,1.0,,1.0,,,,
7:44808091,1.0,1.0,0.0,1.0,1.0,1.0,
7:44808223,,1.0,1.0,,1.0,,
7:44866832,,1.0,,,,,
7:45139892,0.0,1.0,1.0,,1.0,1.0,1.0
7:55095197,1.0,,,1.0,,,
7:55841188,1.0,1.0,,0.0,1.0,1.0,1.0
7:64465502,1.0,1.0,1.0,1.0,1.0,1.0,1.0
7:65425894,1.0,1.0,1.0,1.0,1.0,1.0,0.0
7:65560561,1.0,1.0,,1.0,1.0,1.0,
7:65734783,1.0,1.0,,1.0,,,
7:66030612,1.0,,,1.0,1.0,,1.0
7:66276217,1.0,1.0,1.0,,1.0,1.0,0.0
7:70083527,,1.0,1.0,,,1.0,
7:70223193,,,,1.0,,,
7:73249165,1.0,1.0,1.0,1.0,1.0,1.0,0.0
7:73789730,,1.0,1.0,1.0,,1.0,1.0
7:75616105,1.0,,1.0,1.0,1.0,0.0,0.0
7:76720582,,,1.0,1.0,,,
7:77233827,1.0,1.0,1.0,1.0,1.0,1.0,1.0
7:78632489,,,,,,1.0,
7:83936564,1.0,,,,,1.0,
7:90674492,,,1.0,,,,
7:91570290,,1.0,,,,,
7:91691601,,,,,,,
7:92734451,1.0,1.0,1.0,1.0,0.0,0.0,1.0
7:93623458,1.0,1.0,1.0,,1.0,,
7:94043239,,1.0,1.0,1.0,,,
7:100212254,,,1.0,,,,
7:100781445,1.0,1.0,1.0,1.0,1.0,1.0,1.0
7:102040551,,,,1.0,1.0,,
7:102113909,1.0,,1.0,1.0,1.0,1.0,1.0
7:103770773,1.0,,1.0,,,,
7:104653265,,1.0,1.0,,1.0,,
7:104717517,,1.0,,1.0,,,
7:110843795,,1.0,,1.0,1.0,,
7:114018456,,,,,,,
7:116036160,,1.0,1.0,,,,
7:116148370,,1.0,1.0,1.0,1.0,1.0,1.0
7:116186241,,,1.0,,,,
7:120646520,,,,1.0,1.0,,
7:127950725,,,1.0,1.0,1.0,1.0,
7:128409225,1.0,1.0,1.0,1.0,1.0,1.0,1.0
7:130589791,1.0,1.0,1.0,1.0,1.0,1.0,1.0
7:130664881,1.0,1.0,1.0,1.0,1.0,1.0,1.0
7:130784051,,,,,,1.0,
7:134569177,1.0,,1.0,1.0,,1.0,
7:134618710,,1.0,1.0,1.0,1.0,1.0,
7:134652247,,,,,1.0,,
7:135420018,1.0,,,1.0,1.0,,1.0
7:139801777,,,1.0,,,,
7:148520918,1.0,,,1.0,,,
7:150390504,1.0,1.0,1.0,,,1.0,0.0
7:151317512,,,,,,,
7:152457803,,,,1.0,,,
7:152545351,,,,1.0,,,
7:156762224,,,,,,,
7:156762248,1.0,,,,,,
7:156762446,,,,,,,
7:158546543,0.0,1.0,1.0,1.0,1.0,1.0,1.0
7:158672619,,,,1.0,,,
7:158738611,,1.0,1.0,1.0,,1.0,1.0
8:1818575,,,1.0,,,1.0,
8:6302183,,1.0,,,,,
8:6304694,,,1.0,,1.0,1.0,1.0
8:6390027,,,,,,,
8:6391302,1.0,1.0,,,,,
8:10270958,1.0,1.0,1.0,1.0,,,
8:10286273,1.0,1.0,1.0,1.0,1.0,1.0,1.0
8:11696352,0.0,1.0,1.0,1.0,1.0,,1.0
8:11696492,1.0,1.0,0.0,0.0,0.0,1.0,1.0
8:11701933,1.0,1.0,1.0,1.0,1.0,1.0,1.0
8:11702375,,,1.0,,,1.0,
8:13036405,,,,1.0,1.0,1.0,
8:13072177,,,1.0,1.0,,,
8:13148221,,,,,1.0,,
8:15615689,,1.0,1.0,1.0,1.0,1.0,1.0
8:15622519,,,1.0,1.0,,1.0,
8:17500223,,,,,,1.0,
8:17913970,,1.0,1.0,1.0,1.0,1.0,1.0
8:17927327,1.0,,,,,,
8:17928811,1.0,,,,,,1.0
8:18080651,1.0,1.0,1.0,0.0,1.0,1.0,1.0
8:18080747,1.0,1.0,1.0,,1.0,1.0,1.0
8:18385056,1.0,,0.0,1.0,1.0,1.0,1.0
8:18400819,,,1.0,,,,
8:18435816,,1.0,1.0,1.0,,1.0,1.0
8:18474596,,,,,,1.0,
8:18510321,,,,1.0,,,
8:18514100,1.0,1.0,0.0,,1.0,1.0,
8:18821054,,,1.0,,,,
8:18891015,,,,1.0,1.0,,
8:19067578,,,,,,1.0,
8:19681647,1.0,1.0,,,,,
8:21964561,1.0,1.0,1.0,1.0,1.0,1.0,1.0
8:22553621,,1.0,1.0,1.0,,,
8:23083546,,,1.0,,,,
8:23150878,1.0,1.0,,1.0,,,1.0
8:23190941,,,,1.0,,,
8:23570489,,1.0,1.0,,,,
8:27539370,,,,1.0,,,
8:32406994,1.0,1.0,1.0,1.0,1.0,,1.0
8:32541216,,,,,1.0,1.0,
8:38292147,1.0,,,,,,
8:41685845,1.0,,1.0,,1.0,,1.0
8:48355759,,,,,,,
8:49409897,,1.0,,,,1.0,
8:56686224,,1.0,1.0,1.0,1.0,1.0,
8:59060275,,1.0,,,,,
8:67380863,,1.0,1.0,1.0,,1.0,
8:72904776,,1.0,,0.0,1.0,,
8:79654145,,1.0,,,1.0,,
8:81894604,,1.0,,,,,
8:94738629,0.0,,1.0,1.0,1.0,1.0,
8:95274016,1.0,1.0,1.0,1.0,1.0,1.0,1.0
8:95888307,,,,,,,1.0
8:97518925,1.0,,,1.0,,1.0,
8:98864794,1.0,1.0,1.0,1.0,1.0,1.0,1.0
8:100141089,,,,,,,
8:100904277,,1.0,1.0,,1.0,0.0,
8:104154713,1.0,1.0,1.0,0.0,1.0,1.0,1.0
8:104183205,,1.0,1.0,1.0,,,
8:104337367,,,,1.0,,,
8:106663315,,,,,,,1.0
8:117864217,1.0,0.0,0.0,0.0,,1.0,1.0
8:118754312,,,1.0,1.0,,,
8:118814084,1.0,1.0,1.0,1.0,1.0,,
8:118934480,1.0,1.0,1.0,1.0,1.0,1.0,1.0
8:119057067,,,,1.0,1.0,,
8:120847188,,1.0,1.0,,1.0,,1.0
8:121234756,,,,,,,
8:121383900,,,,1.0,,,
8:123821456,1.0,,,,1.0,1.0,1.0
8:124332900,1.0,1.0,1.0,1.0,1.0,,
8:124460546,,,1.0,,1.0,,
8:128898169,,1.0,1.0,,,,1.0
8:129083584,1.0,1.0,,1.0,1.0,1.0,
8:131065153,1.0,0.0,1.0,,0.0,0.0,1.0
8:134579093,,,,1.0,1.0,,
8:141061798,1.0,,,,,,
8:144392368,1.0,1.0,1.0,1.0,1.0,1.0,1.0
8:144662353,1.0,1.0,1.0,1.0,1.0,1.0,1.0
8:145750506,1.0,,1.0,1.0,,,
9:2172103,1.0,1.0,1.0,,,1.0,
9:12908303,1.0,,,,,,
9:16713666,1.0,0.0,1.0,1.0,0.0,1.0,1.0
9:17394536,,1.0,1.0,,,1.0,1.0
9:18598470,,,,,,,
9:18662292,,,,,,1.0,
9:18746561,,0.0,1.0,1.0,1.0,,1.0
9:18809482,1.0,,,,,,
9:18827034,1.0,1.0,1.0,1.0,1.0,1.0,
9:21855038,,,1.0,,,1.0,
9:21865842,,1.0,,,,,1.0
9:22012422,,,1.0,1.0,1.0,,
9:25677215,0.0,0.0,0.0,1.0,1.0,,0.0
9:25677349,,1.0,,,,,
9:27560965,,,1.0,,,,
9:27561049,,,,,,,
9:33026638,,,1.0,,,,
9:33045147,1.0,,1.0,1.0,,1.0,
9:34017106,,,,,,,
9:35056961,1.0,1.0,1.0,,1.0,1.0,1.0
9:35660901,1.0,,0.0,1.0,1.0,1.0,1.0
9:35660990,1.0,1.0,1.0,1.0,1.0,1.0,1.0
9:35661943,,,,,1.0,,
9:36105264,,,,1.0,1.0,1.0,
9:38397355,1.0,1.0,1.0,1.0,,1.0,
9:71396426,1.0,,,,1.0,,
9:72897440,1.0,,1.0,,,,
9:74969076,,1.0,,,,,
9:79349008,,,1.0,1.0,,,
9:79436617,,,,,,1.0,
9:80472931,,1.0,1.0,1.0,1.0,1.0,
9:88959938,,,1.0,,,,
9:91953252,,,,1.0,,1.0,
9:94614626,,,,1.0,,,1.0
9:94651415,,,1.0,1.0,,1.0,1.0
9:95473719,1.0,1.0,1.0,1.0,1.0,1.0,
9:97771852,,,1.0,,,,
9:98603006,,1.0,,,,1.0,
9:99250463,,1.0,1.0,,1.0,1.0,1.0
9:100666931,1.0,,0.0,1.0,0.0,1.0,1.0
9:100981757,,,,1.0,,,
9:102741475,1.0,,1.0,,,,
9:107544700,,,,,1.0,,
9:111807394,,,,,,,1.0
9:113009246,,1.0,,1.0,,,
9:114359624,,,,,,,
9:114980967,,,,,,,
9:115446426,,,1.0,,,,
9:115531238,,,,,,1.0,
9:116980052,,,,,1.0,,
9:117360729,1.0,1.0,1.0,1.0,,1.0,1.0
9:117805719,1.0,1.0,1.0,1.0,,1.0,
9:117856114,1.0,,1.0,1.0,1.0,1.0,1.0
9:126150830,1.0,,,,1.0,,
9:127113660,1.0,1.0,1.0,1.0,1.0,1.0,1.0
9:127985775,,,,1.0,,,
9:128569777,,,,1.0,,,
9:129849880,1.0,,,,1.0,1.0,
9:130242166,,,,,,,1.0
9:130552179,1.0,1.0,0.0,,1.0,1.0,1.0
9:130576075,1.0,1.0,0.0,,1.0,1.0,0.0
9:130629139,,,,1.0,,,
9:130703565,,,1.0,,,,1.0
9:130945298,1.0,1.0,1.0,1.0,,1.0,
9:131193665,,1.0,,1.0,,1.0,
9:131199576,1.0,1.0,0.0,1.0,1.0,,
9:133324400,1.0,,,,1.0,,
9:134508442,,,,,,,
9:136227260,1.0,1.0,1.0,1.0,1.0,1.0,1.0
9:137736544,1.0,1.0,1.0,1.0,1.0,,
9:138365495,1.0,,,,,,
9:139253839,1.0,1.0,1.0,1.0,1.0,1.0,1.0
9:139256468,,1.0,0.0,1.0,0.0,,1.0
9:139296485,,0.0,0.0,1.0,1.0,1.0,1.0
9:139317823,,1.0,,1.0,,,1.0
9:139323311,,1.0,,1.0,1.0,1.0,1.0
9:139375962,,1.0,,,,,
9:139443956,,,1.0,,,,1.0
9:139876141,1.0,1.0,1.0,1.0,1.0,1.0,1.0
9:139932211,,1.0,1.0,,,0.0,
9:140006202,1.0,1.0,1.0,0.0,1.0,1.0,0.0
9:140262426,,,1.0,,1.0,1.0,
9:140449582,0.0,1.0,0.0,1.0,,1.0,
