,0,1,2,3,4,5,6,7
10:100177049,1,0,1,1,1,0,1,1
10:102746231,0,1,0,0,0,1,0,0
10:104239100,0,1,1,1,1,1,1,1
10:104418656,0,1,1,1,0,1,1,0
10:105154089,0,0,1,1,1,1,0,0
10:106022789,0,0,1,1,1,1,1,0
10:11251376,1,0,0,1,1,0,1,1
10:112641053,0,0,1,1,0,0,0,0
10:116593175,1,0,1,0,1,1,1,0
10:120447437,1,0,0,1,0,1,0,0
10:120895131,0,1,1,1,0,1,0,1
10:120927544,1,1,1,1,1,0,0,1
10:124189197,1,0,1,0,0,0,1,1
10:129907489,1,1,0,0,0,1,0,0
10:13151224,0,1,1,1,1,0,1,1
10:14227908,0,1,1,0,1,1,0,0
10:23408278,1,0,0,1,0,1,0,0
10:26823045,1,1,1,0,1,1,0,0
10:27045387,0,0,1,1,0,1,0,1
10:27812418,1,1,1,0,0,0,1,1
10:28492334,0,1,1,0,0,1,1,0
10:30728101,0,1,1,1,1,1,1,1
10:3180227,1,0,1,0,0,1,1,1
10:32593393,0,0,0,1,0,1,0,0
10:51049027,1,0,1,1,1,0,1,1
10:5808086,0,1,0,1,0,0,0,0
10:61556986,1,0,1,0,1,1,1,0
10:61636147,0,1,1,0,0,1,0,0
10:61665886,1,1,1,0,1,1,1,0
10:64914467,1,0,1,0,0,1,1,0
10:70864065,0,0,1,0,1,0,0,0
10:71393025,1,1,1,0,0,1,1,0
10:73820622,1,1,1,0,0,0,0,0
10:73856984,0,1,1,0,1,1,1,1
10:74490023,0,1,0,0,1,0,1,1
10:75948420,1,1,0,0,1,0,0,1
10:77807027,0,1,1,1,0,0,0,0
10:78122729,1,0,1,1,1,0,1,1
10:7849688,1,1,1,0,0,0,1,0
10:8006798,0,0,1,0,0,1,0,1
10:81852059,0,0,0,0,1,0,1,0
10:858022,1,1,1,1,0,1,1,1
10:89657150,1,0,1,0,0,1,1,0
10:91066769,0,0,0,1,0,0,0,0
10:94819053,1,1,0,1,0,1,1,0
10:95454681,0,1,1,0,1,0,0,1
10:95459817,1,0,1,1,1,1,1,0
10:98353421,1,0,0,0,1,1,1,0
11:102209737,0,0,0,1,1,0,0,0
11:104778846,0,1,0,0,1,0,0,1
11:10772555,1,0,1,1,1,1,1,1
11:107917087,0,1,1,0,0,1,1,0
11:108239628,1,0,1,1,1,0,1,1
11:10876353,0,0,0,0,1,0,0,0
11:114280775,0,1,1,1,1,0,1,1
11:115239023,1,1,1,1,0,1,0,0
11:117039797,1,0,0,0,1,0,0,1
11:117222592,0,1,0,1,0,1,1,1
11:118074337,0,0,0,1,0,0,1,0
11:118076069,1,0,0,1,0,0,1,0
11:118619047,0,0,0,1,1,0,0,0
11:121411041,0,1,0,1,1,1,1,1
11:122742028,0,0,0,0,0,0,0,1
11:125763746,0,1,0,0,1,1,1,0
11:128317168,0,1,0,1,1,1,0,1
11:128328959,0,0,0,0,1,0,1,0
11:128333503,1,1,1,1,0,0,1,1
11:128645057,1,0,0,0,1,0,0,1
11:129130010,1,0,1,1,1,1,0,0
11:130080017,0,1,1,0,1,0,1,1
11:13483590,0,1,0,0,0,1,1,0
11:1881256,0,1,1,1,0,1,0,0
11:252649,0,0,0,0,1,0,1,0
11:295343,1,0,1,1,1,1,1,0
11:33183017,1,0,1,1,1,0,1,0
11:33726980,1,1,0,1,1,1,0,0
11:34910397,0,0,1,0,1,1,1,1
11:34937813,0,0,1,0,1,1,1,1
11:35223945,0,0,0,1,1,0,1,0
11:36141825,1,0,0,1,0,1,0,0
11:3916506,1,1,1,1,1,0,1,1
11:406473,0,0,1,1,0,1,0,0
11:406483,0,0,1,1,0,1,0,0
11:45931502,1,1,0,0,1,0,0,1
11:47640429,1,1,1,0,0,0,1,1
11:48115089,0,1,1,1,0,0,0,0
11:5730248,1,0,1,0,1,0,1,0
11:57319339,0,1,0,1,0,1,0,1
11:59939307,1,1,1,1,0,1,0,0
11:59940599,1,1,1,1,0,1,0,0
11:59945745,1,1,1,1,0,1,0,0
11:60237991,0,1,1,0,1,1,1,1
11:613208,0,0,1,0,0,1,1,0
11:61560081,1,1,0,0,1,0,1,0
11:62159926,1,0,1,1,0,1,0,0
11:63991801,1,1,0,0,0,0,0,0
11:64495284,1,0,0,0,0,0,0,0
11:64620518,1,0,1,1,0,0,1,1
11:65109233,0,1,0,1,0,1,0,0
11:65190379,0,0,0,1,1,0,0,1
11:65485337,1,0,0,1,1,1,1,1
11:65935189,1,1,1,0,1,0,0,1
11:66105194,1,1,0,1,1,0,1,0
11:6618548,1,1,0,1,1,1,1,0
11:66610645,0,1,0,1,0,0,0,1
11:67202826,1,0,0,1,1,1,1,0
11:67352689,1,0,0,1,1,1,1,0
11:67353970,1,0,0,1,1,1,1,0
11:6735869,1,0,0,1,1,1,0,0
11:68034772,1,0,0,0,0,1,1,0
11:71169547,0,0,1,1,1,1,1,1
11:71739423,0,1,1,0,1,1,1,0
11:71850722,0,0,1,0,0,1,0,0
11:73498933,1,0,1,1,1,1,0,1
11:74166320,1,1,1,1,1,1,0,1
11:74999953,1,1,1,0,1,1,0,0
11:76585161,1,1,0,0,1,1,0,0
11:78172353,1,0,0,1,1,1,1,0
11:810882,0,0,1,1,1,1,1,0
11:825110,1,1,0,0,0,1,1,0
11:82874970,0,1,1,1,1,0,1,1
11:840363,1,1,1,0,0,1,1,0
11:870446,1,0,1,1,1,1,0,1
11:8707233,1,1,0,1,1,0,1,1
11:9304120,0,1,0,1,0,1,1,1
11:9311128,0,1,0,1,0,1,1,1
11:95565288,0,1,1,0,0,0,1,1
11:95706538,0,1,1,1,0,0,1,1
11:96011351,1,1,1,1,1,1,0,0
11:96021386,1,0,1,0,1,1,1,1
11:9769562,1,0,1,1,1,0,0,1
12:10007761,1,0,0,1,1,0,1,1
12:102093754,1,1,0,1,1,1,0,1
12:10375302,1,1,0,0,1,1,1,1
12:104854011,0,0,0,0,0,1,0,0
12:10532326,0,1,0,0,0,1,1,0
12:105380152,0,0,1,0,1,1,0,1
12:109994870,0,1,1,1,0,1,1,1
12:10999708,1,1,0,1,0,0,0,0
12:10999780,0,0,1,1,1,1,1,1
12:110341933,1,0,0,0,0,0,0,1
12:113357442,1,1,1,1,0,0,0,1
12:118855405,1,1,1,1,1,0,1,0
12:11888423,1,0,0,1,1,1,0,0
12:120933977,0,0,1,0,0,1,0,0
12:121202664,1,1,1,1,1,1,0,0
12:121768248,1,0,0,1,0,0,0,0
12:122353796,1,1,0,1,0,1,0,1
12:122706844,1,0,0,0,1,1,1,1
12:122756342,0,1,1,1,1,1,0,0
12:123806219,0,0,1,0,0,1,0,0
12:131306314,0,1,1,1,0,1,1,0
12:14656768,0,1,0,1,1,1,0,1
12:15091917,1,0,0,1,0,0,0,1
12:16516994,1,0,0,0,0,0,0,0
12:25243115,1,1,1,0,1,0,1,1
12:25362217,1,1,1,0,1,0,1,1
12:28605426,1,0,1,0,1,0,1,1
12:32137565,0,0,1,1,0,0,0,0
12:42805383,1,1,1,1,1,1,1,1
12:46628607,1,1,0,1,1,1,1,0
12:46809206,1,1,0,1,1,1,0,0
12:47541268,0,0,1,1,0,1,0,0
12:50551543,1,0,0,0,1,1,0,1
12:57807114,1,1,0,1,1,0,1,0
12:62696599,0,1,1,1,0,0,1,0
12:66546100,0,1,0,1,1,1,0,1
12:68753921,0,0,1,1,0,1,1,1
12:6887020,1,1,0,0,1,1,1,0
12:69931759,0,0,1,1,1,0,1,1
12:69995273,0,1,1,0,1,1,1,0
12:7053149,1,1,0,1,1,1,0,0
12:72015050,0,0,1,1,1,1,0,1
12:75900382,1,0,0,0,0,1,1,0
12:8211187,1,0,1,1,1,1,1,0
12:88440676,1,1,0,0,1,0,0,0
12:90017736,0,1,1,1,0,1,1,0
12:9220729,1,0,1,1,0,0,0,0
12:92501843,1,1,1,1,0,1,1,0
12:9250601,0,0,0,0,0,1,1,0
12:92860820,1,1,0,0,1,0,1,1
12:9315668,0,0,1,1,1,0,0,1
12:9346792,0,0,1,1,1,1,1,1
12:94701318,0,1,1,1,0,1,1,0
12:95927762,1,0,1,1,1,1,1,1
12:96259992,0,0,1,1,0,1,0,0
12:9750669,0,1,0,1,0,1,1,1
12:9809178,1,1,0,1,1,0,1,1
12:9833628,0,1,0,1,1,0,1,0
12:98908812,0,0,0,0,1,0,1,1
12:99007623,0,1,1,0,1,1,0,1
13:100038233,0,1,1,1,0,1,1,0
13:103418728,1,0,0,1,1,1,1,0
13:103528002,1,0,0,0,1,1,1,1
13:22067072,0,1,1,0,1,0,1,1
13:24432467,0,0,1,1,1,1,0,1
13:25075859,1,0,1,1,1,1,0,0
13:25821603,0,0,1,1,0,0,1,1
13:25876011,0,1,1,1,1,0,1,1
13:28009031,0,0,1,0,1,0,0,1
13:28197436,1,0,1,1,1,1,1,0
13:31871663,0,1,1,1,0,1,0,0
13:33036660,1,0,1,1,1,0,0,1
13:37583831,1,1,1,0,1,1,0,0
13:41230062,0,0,1,1,0,1,0,0
13:41533052,1,0,1,1,0,1,1,1
13:43462422,0,1,1,0,0,1,0,1
13:43639845,0,0,1,1,0,1,1,0
13:46708291,0,0,0,1,0,0,0,1
13:47354101,1,0,0,0,1,0,1,0
13:48600634,1,0,0,1,0,1,1,0
13:50275515,1,1,1,1,0,0,1,0
13:52342206,0,1,1,0,0,1,1,0
13:52593765,1,1,1,1,0,0,1,1
13:75884216,0,1,0,1,0,1,1,1
13:77454481,0,0,0,0,0,1,1,0
13:99966921,1,0,0,1,1,0,1,0
14:101587066,0,0,0,0,0,1,1,0
14:105222037,0,1,1,1,0,1,1,0
14:105717279,1,0,1,0,1,1,0,1
14:20920250,1,0,1,0,1,1,1,0
14:21250124,0,0,1,0,1,1,0,1
14:21955930,1,0,1,0,0,1,1,0
14:23012544,0,1,1,0,0,1,1,0
14:23299135,0,1,0,1,0,1,1,1
14:23299286,0,1,0,0,0,0,1,0
14:23549785,1,1,1,1,1,1,0,1
14:23940359,1,0,1,0,0,0,0,1
14:24550224,1,0,1,0,1,1,0,0
14:24679877,1,1,1,0,0,1,1,0
14:24760009,1,0,0,1,1,0,1,1
14:24909281,0,1,0,1,0,0,0,1
14:24909362,0,1,0,1,0,0,0,1
14:25100282,0,0,1,0,1,1,0,0
14:35008043,0,1,0,1,0,0,1,1
14:35293185,1,0,0,0,0,0,0,1
14:35871217,1,1,1,1,0,1,1,1
14:39650924,0,1,0,0,1,1,1,1
14:52336682,1,1,1,1,1,0,1,1
14:52398274,1,1,1,1,1,0,0,1
14:52741950,0,0,0,0,1,1,1,0
14:53146056,1,0,1,0,1,1,1,1
14:56150151,0,1,1,1,1,0,1,1
14:59939727,0,0,0,1,1,1,1,1
14:59971039,1,1,1,0,0,0,1,0
14:64519455,0,0,0,0,0,0,1,1
14:69392264,1,1,1,0,0,1,1,0
14:74428445,1,1,1,1,0,1,0,0
14:75520065,1,0,1,1,0,1,1,0
14:75605792,1,0,1,1,0,1,1,0
14:75937022,1,1,0,0,1,1,0,0
14:78174473,0,0,0,0,0,0,1,1
14:88399488,0,0,1,0,1,1,1,0
14:88399623,0,0,1,0,1,1,1,0
14:89771105,1,1,0,1,0,0,1,1
14:89996043,0,0,1,1,1,0,0,1
14:90031107,1,0,1,1,1,0,1,1
14:90732280,1,1,0,0,1,1,1,1
14:93072269,0,1,1,0,1,1,0,1
14:94844843,0,0,1,1,1,0,0,0
14:94847415,0,1,1,0,0,1,0,0
14:97321689,1,1,0,0,1,0,1,1
14:99729963,1,0,1,1,0,1,1,0
15:100269680,0,1,1,0,1,0,1,1
15:102264476,0,1,1,0,0,0,1,0
15:31231255,1,1,0,1,0,1,0,0
15:40845952,0,1,1,1,0,1,0,1
15:41106485,1,1,0,1,1,0,1,1
15:52852610,1,0,1,0,0,1,1,1
15:52953933,0,0,1,1,0,0,0,0
15:55611126,1,0,0,0,1,0,1,1
15:55653031,1,1,1,0,1,1,1,1
15:59304635,1,1,1,0,0,1,1,1
15:59931131,1,0,0,1,1,1,1,1
15:60715643,1,0,0,0,0,1,0,0
15:63434110,0,0,1,0,0,1,1,0
15:63494159,0,0,1,0,0,1,1,0
15:64365021,0,0,0,0,0,0,1,0
15:64895319,1,0,1,0,0,0,1,0
15:65255704,1,0,1,1,1,0,1,0
15:65588628,1,1,1,1,0,0,1,0
15:75128501,0,0,1,0,1,0,0,1
15:75212357,1,1,0,0,0,1,1,0
15:78841220,0,1,1,1,0,1,1,0
15:80191343,0,1,0,1,0,1,1,0
15:80263217,1,0,1,1,1,0,0,1
15:80263345,1,1,0,0,1,1,1,1
15:82466221,1,0,1,1,1,1,1,0
15:83680287,0,1,1,0,1,1,1,0
15:86103176,1,1,1,1,0,0,1,1
15:86150556,0,1,0,0,0,1,0,0
15:89679515,1,1,1,0,1,1,1,1
15:90439960,0,1,1,1,0,0,1,1
15:91045419,0,0,1,0,0,0,1,1
15:92545284,0,0,0,1,1,0,1,0
15:92658852,0,0,1,1,0,0,0,0
15:92706594,1,1,0,0,1,1,1,0
15:93536197,1,1,1,0,0,1,0,0
15:94838581,0,1,1,1,1,0,1,1
15:94838829,1,0,0,1,1,0,1,0
15:99284680,0,1,1,1,0,1,0,1
16:107275,0,0,0,1,1,0,1,1
16:14742400,0,1,1,1,0,1,1,0
16:15131962,0,1,1,0,1,1,0,1
16:15131974,0,1,1,0,1,1,0,1
16:18803390,0,1,0,0,0,1,0,0
16:22345191,1,0,0,0,0,1,0,1
16:23959420,1,0,1,0,0,1,0,1
16:24741686,1,0,1,0,1,0,0,0
16:2821573,0,1,1,1,0,0,1,0
16:28617057,1,1,1,1,1,0,1,0
16:2882197,1,0,1,1,1,1,1,0
16:28988269,1,1,1,0,0,0,1,0
16:28995757,1,1,1,0,0,0,1,0
16:2949248,1,1,0,1,0,1,1,1
16:2986233,0,1,0,0,0,1,1,1
16:3073240,0,0,1,1,0,0,1,0
16:31102321,0,0,1,0,0,1,0,1
16:337691,1,1,0,1,0,0,0,0
16:3627358,1,1,1,0,1,0,0,1
16:4484396,0,0,1,1,0,1,1,0
16:4847317,1,1,1,1,1,1,0,0
16:56873495,0,1,1,0,1,1,1,0
16:58019396,1,0,0,1,0,1,0,1
16:67691668,1,1,0,0,1,0,0,1
16:69975360,1,0,0,1,0,0,1,0
16:70514828,0,1,1,1,1,1,0,1
16:72146570,1,1,0,1,1,1,1,0
16:77246218,1,1,1,0,0,1,0,0
16:77246517,1,1,1,0,0,1,0,0
16:78996475,1,1,1,1,1,0,0,0
16:79024344,1,0,0,0,0,0,0,0
16:82203758,0,0,1,0,0,0,1,1
16:84599530,1,1,0,1,0,1,1,0
16:85709610,0,1,1,1,1,0,0,1
16:85813231,0,0,0,0,1,0,1,1
16:88709737,1,0,0,0,1,0,1,1
16:88713236,0,0,0,1,1,1,1,1
16:8889628,1,1,1,0,1,0,1,0
16:89350038,1,0,1,1,0,1,0,0
16:89350178,0,1,1,1,0,0,1,0
17:10082256,1,0,1,1,0,1,1,1
17:10614442,0,1,1,0,1,1,0,0
17:12895815,1,1,1,1,0,1,1,0
17:13719533,1,0,1,0,1,0,0,1
17:13980350,0,1,0,1,1,0,0,1
17:16842991,0,0,0,0,1,0,0,1
17:1686410,1,1,1,1,0,0,0,1
17:17409560,0,1,1,0,1,1,1,0
17:1801144,1,0,1,1,1,0,0,1
17:1801189,1,0,1,1,1,0,0,1
17:20107773,1,1,0,1,1,1,1,1
17:2414208,1,1,1,1,1,0,1,1
17:27434393,0,1,1,0,1,1,0,1
17:28049804,1,1,1,1,0,1,1,1
17:2883588,1,0,1,1,1,1,0,0
17:29111368,1,0,1,0,0,1,1,0
17:2940759,0,0,0,1,1,0,0,0
17:29646032,1,0,1,1,1,1,1,0
17:35910735,1,1,1,1,0,0,1,0
17:35956391,0,1,1,0,1,1,1,1
17:36000607,0,1,1,0,1,1,1,1
17:36922196,0,0,1,1,1,0,1,1
17:40706906,0,1,1,1,0,1,1,0
17:42570346,0,1,1,1,0,1,1,1
17:43183028,0,1,1,1,1,1,0,1
17:43183108,0,1,1,0,0,1,0,1
17:4391201,0,1,0,1,0,0,1,0
17:46237990,0,1,1,0,1,0,0,0
17:46262171,0,1,1,0,1,0,0,0
17:4638563,0,1,1,1,0,0,1,1
17:46926615,0,0,0,1,1,1,0,1
17:47007963,1,1,1,0,0,0,1,0
17:5126674,1,1,0,1,1,0,0,1
17:5326089,1,0,0,0,1,1,1,1
17:5326145,1,0,0,0,1,1,1,1
17:5336058,1,0,0,0,1,1,1,1
17:5415287,1,0,1,0,1,1,1,1
17:5485367,1,1,1,0,0,1,1,0
17:55173033,0,0,1,0,0,0,1,0
17:55438556,0,0,0,1,0,1,0,0
17:56708979,1,1,1,0,1,1,1,1
17:56709077,1,1,1,0,1,1,1,0
17:57165097,1,1,1,0,1,1,1,0
17:61908556,1,0,1,0,1,0,1,0
17:62400000,1,1,1,0,1,0,1,1
17:62408299,1,0,1,1,0,1,0,1
17:63534538,0,1,1,0,1,1,0,0
17:648186,0,0,0,1,1,0,1,1
17:65066879,1,1,1,0,0,0,1,0
17:72690829,0,0,0,0,1,1,1,0
17:73894804,1,0,0,0,0,1,0,1
17:7417663,1,1,0,0,1,0,1,1
17:7491177,1,0,0,0,1,0,0,0
17:7530271,0,1,1,1,1,0,1,1
17:76783642,0,1,1,0,0,1,1,1
17:7760704,1,1,1,0,1,1,0,0
17:78093353,0,1,0,1,1,1,1,1
17:80572628,0,1,1,1,0,0,1,1
17:80685533,1,1,0,1,1,0,1,0
17:9395231,0,1,0,0,1,0,0,0
18:20965806,1,1,1,1,1,0,0,1
18:21162288,0,0,1,0,1,1,0,0
18:22033261,1,1,1,1,1,1,0,0
18:2656248,1,0,1,0,0,1,1,0
18:3256112,1,0,0,0,1,0,0,1
18:45425478,1,0,1,1,1,1,0,1
18:733474,0,0,0,0,1,0,0,1
18:77138035,1,0,1,1,0,1,1,0
18:77728135,1,0,0,0,1,1,0,0
18:77730807,1,1,1,1,1,1,0,0
18:77794810,1,1,1,0,0,1,0,0
18:8620323,0,1,1,1,1,0,0,1
18:9255982,1,1,1,0,1,1,0,0
18:9860781,0,0,0,1,0,1,0,0
19:10291181,0,0,0,0,1,0,0,1
19:10672493,0,0,1,1,0,0,0,0
19:1088285,0,1,1,1,1,1,0,0
19:1106615,1,1,1,0,1,0,1,0
19:13010520,1,1,1,1,0,0,0,1
19:13885484,0,0,1,1,1,0,0,1
19:14582468,0,1,0,0,1,0,0,1
19:16435011,1,0,1,1,0,1,1,1
19:17170885,1,1,0,1,1,0,1,1
19:17339112,0,0,0,0,1,0,1,1
19:17417252,0,0,0,1,0,1,0,0
19:17513981,0,1,0,0,1,1,1,0
19:17660300,1,1,1,0,1,0,1,0
19:18288069,0,0,1,0,1,1,1,1
19:18502835,0,1,1,0,0,0,1,0
19:18624964,1,0,1,1,0,1,1,0
19:18703077,1,1,1,1,1,1,0,0
19:19011244,1,1,0,0,1,1,1,1
19:19287901,0,1,0,1,0,1,1,0
19:19287928,1,0,1,0,1,0,1,1
19:2514565,1,1,0,1,0,1,1,1
19:3490908,0,0,0,1,0,1,1,1
19:3534842,0,0,0,1,1,0,1,1
19:35434238,1,0,1,1,1,1,1,0
19:35648365,0,0,0,0,1,1,1,1
19:35660508,1,0,1,0,0,1,0,1
19:36142187,0,0,0,0,0,0,0,1
19:37441111,0,0,1,0,1,0,0,1
19:3762698,0,1,1,1,1,0,1,1
19:3767265,0,1,1,1,1,0,0,0
19:39369369,0,0,0,0,1,0,1,0
19:39924129,1,1,1,0,0,1,1,1
19:39926509,1,0,0,1,1,1,1,0
19:40021759,0,1,0,1,1,1,1,1
19:41302706,0,1,1,1,1,0,1,0
19:41869392,1,0,1,0,1,0,0,0
19:42591484,0,0,0,1,1,1,0,0
19:43979439,1,0,1,1,1,1,1,1
19:44090195,1,1,0,1,1,0,1,1
19:44271066,1,0,0,1,1,0,0,0
19:4442999,0,0,1,0,0,0,0,0
19:44613661,0,1,1,1,1,0,1,1
19:44995990,0,1,1,0,1,1,0,0
19:45978375,0,1,0,0,1,1,0,1
19:46030154,1,1,1,1,1,1,1,0
19:46034558,0,0,1,1,0,1,0,1
19:48654553,0,1,1,1,1,1,1,0
19:48885918,0,0,0,1,1,0,1,0
19:49377319,1,0,0,1,1,1,1,0
19:49378994,1,0,0,1,1,1,1,0
19:49621964,0,1,1,0,0,1,1,1
19:49949652,1,1,0,1,0,1,1,0
19:49950298,0,1,0,0,1,1,0,0
19:49989424,0,0,1,0,1,1,1,1
19:50168871,0,0,1,1,1,0,1,1
19:50169020,0,0,1,1,1,0,1,1
19:51323232,0,1,0,1,0,1,1,1
19:51850290,1,0,0,1,1,1,1,1
19:52249211,1,0,1,1,1,1,0,1
19:53948386,0,0,1,1,1,1,1,1
19:54603419,1,0,1,1,1,0,1,1
19:54697079,0,0,0,1,1,1,0,1
19:54775389,0,1,0,1,1,1,0,1
19:582775,0,1,0,0,0,0,1,0
19:58790095,1,0,0,1,0,0,1,1
19:58866434,0,1,1,0,0,0,1,1
19:5936689,0,1,0,0,1,0,1,1
19:7437228,0,0,0,0,1,0,1,0
19:7712277,0,0,0,1,0,1,1,1
19:7747293,0,1,0,1,0,1,1,0
19:8326904,1,0,0,1,0,1,0,0
19:8376431,1,0,0,1,0,0,0,0
19:868115,0,1,1,1,0,0,0,0
1:10502710,1,1,0,0,0,0,1,1
1:108393409,0,0,1,1,1,1,0,1
1:109605378,0,1,0,1,0,0,1,0
1:110279701,1,1,1,1,1,0,1,1
1:110950277,0,0,1,0,1,1,0,0
1:11129848,1,0,0,1,0,1,0,0
1:111439902,0,0,1,0,1,1,1,1
1:111485207,1,1,1,0,0,1,1,0
1:113455099,1,1,1,1,0,0,0,1
1:114354654,0,0,1,0,0,1,1,0
1:114372214,0,0,1,0,0,0,0,0
1:11810674,0,1,1,0,0,1,0,1
1:11846252,0,0,1,0,1,0,0,0
1:119729171,1,0,0,1,0,0,1,1
1:120336876,1,1,0,0,0,1,1,1
1:12628188,0,1,1,1,1,0,1,1
1:147119273,0,1,1,1,1,0,0,1
1:150199123,1,1,0,1,1,1,1,0
1:150324284,1,0,1,0,0,0,0,0
1:150542128,0,0,0,0,0,1,0,1
1:150727539,0,0,0,0,0,1,0,1
1:150782797,1,1,0,1,1,0,1,0
1:151374025,0,1,1,0,1,0,0,0
1:151668295,1,1,0,0,0,0,1,1
1:152009387,0,0,0,0,0,0,0,0
1:153634058,0,0,0,1,1,1,1,0
1:154179679,0,1,0,1,1,1,0,1
1:154243115,0,1,0,1,1,1,0,1
1:154308641,0,1,1,1,1,1,0,1
1:154919080,0,0,1,1,0,1,1,0
1:155230131,0,1,1,0,0,1,1,1
1:156107534,0,1,1,1,1,0,0,1
1:158979950,0,0,0,0,1,0,0,1
1:158983285,0,0,0,0,1,0,0,1
1:158986477,0,0,0,0,1,0,0,1
1:159024668,0,0,0,0,1,1,0,0
1:159277868,0,0,0,0,0,1,0,0
1:160580015,1,1,0,0,1,1,0,1
1:161019040,1,1,0,1,0,1,1,0
1:161037042,1,0,1,1,1,0,0,0
1:161928327,0,0,0,1,1,1,1,1
1:16524869,1,1,1,0,0,0,1,1
1:165624799,1,0,1,1,0,1,1,0
1:165631670,1,0,0,0,1,0,0,1
1:172410967,0,1,1,0,1,1,1,1
1:17312743,1,0,1,1,0,1,0,1
1:173457599,1,1,1,0,1,1,0,1
1:175135829,1,1,0,1,1,1,1,0
1:181024404,0,1,1,1,0,1,1,0
1:183596136,1,0,0,1,1,1,0,1
1:19718824,1,1,1,0,1,1,0,1
1:197582780,0,0,1,0,0,1,0,1
1:198287269,0,1,0,0,1,0,0,1
1:198634625,1,1,0,0,1,1,1,1
1:198634997,0,0,0,0,0,1,1,1
1:20008880,1,0,0,1,0,1,1,1
1:201938995,1,1,0,0,0,1,1,1
1:202733238,0,1,0,0,1,0,0,0
1:202849723,1,0,1,1,1,1,0,0
1:203713133,1,0,1,0,1,1,1,0
1:206668239,1,1,1,0,0,0,1,1
1:207086845,1,1,1,0,1,1,1,1
1:20945055,0,0,1,1,0,1,1,1
1:209849406,1,0,1,0,1,0,0,1
1:209937382,1,1,1,1,0,0,0,0
1:209950760,1,0,0,1,0,1,0,1
1:212619339,0,1,0,1,1,1,1,0
1:213031158,0,0,0,1,1,1,1,1
1:213311427,1,1,0,1,0,0,1,1
1:220321023,1,0,1,0,0,0,0,1
1:224026137,1,1,1,1,0,1,0,0
1:224346959,0,1,1,1,0,0,0,1
1:227174902,1,0,0,1,0,1,1,1
1:227920061,0,1,0,1,1,1,0,0
1:231376806,0,1,0,1,0,0,1,0
1:235392546,0,1,1,1,0,1,1,0
1:235883125,0,1,1,1,1,0,1,0
1:236700807,0,0,1,1,1,0,0,1
1:236700857,0,0,1,1,1,0,0,1
1:236714064,0,0,1,1,1,0,0,1
1:23884661,0,0,1,1,0,0,1,0
1:243995041,0,0,1,0,1,1,1,0
1:246811696,1,0,0,1,1,0,1,1
1:24863285,0,0,1,0,0,1,0,1
1:2488153,1,1,1,1,0,1,1,1
1:25570081,0,1,1,1,0,0,0,0
1:27782390,0,0,0,1,1,0,0,1
1:28218100,1,1,1,1,0,1,0,1
1:29475341,1,0,0,1,1,0,1,1
1:29475394,1,0,0,1,1,0,1,1
1:29475648,1,0,0,1,1,0,0,1
1:31208042,1,0,1,0,0,1,0,0
1:31226340,0,1,0,1,1,1,0,0
1:33402172,0,0,0,1,0,1,1,1
1:33789382,0,0,1,1,0,0,1,0
1:39797055,0,0,1,1,1,0,1,1
1:40219065,1,1,1,0,0,1,1,1
1:40306898,0,1,1,1,1,1,1,1
1:43131653,1,0,0,1,1,0,0,0
1:43632536,0,1,1,0,0,0,0,0
1:44438974,0,1,0,1,1,1,1,1
1:47844464,0,1,1,1,0,1,1,0
1:53074532,1,1,1,1,1,0,0,1
1:53106057,1,0,0,1,0,1,0,0
1:54681920,1,0,0,0,1,0,0,1
1:63918388,1,1,0,0,1,0,1,0
1:65405070,1,1,1,1,1,1,1,0
1:70715884,0,0,0,0,1,1,0,0
1:75214441,0,0,0,1,1,0,1,1
1:7909737,1,1,0,0,1,0,0,1
1:84944989,0,1,1,0,0,1,0,0
1:85732941,0,1,1,1,1,1,1,1
1:8586563,0,1,0,0,1,0,0,0
1:87328308,1,1,1,0,0,0,1,0
1:89479758,1,0,0,1,1,1,1,1
1:90373067,0,0,1,1,0,0,1,0
1:93352669,1,0,0,1,0,0,0,0
1:94341267,1,1,0,1,1,1,1,0
1:94343233,1,1,0,1,0,0,1,0
1:949608,1,1,1,1,0,1,0,0
1:97543764,1,0,1,1,0,0,0,0
1:97635212,0,1,1,1,0,1,1,1
1:97819405,1,0,1,1,0,0,0,0
20:10386013,0,1,0,1,0,1,0,1
20:10386059,0,1,0,1,0,1,0,1
20:1543409,1,0,1,0,1,0,0,0
20:20032998,0,1,1,1,0,1,1,0
20:25207074,0,1,0,1,1,1,1,1
20:2631806,1,1,0,1,1,1,1,0
20:30157026,0,0,1,1,0,1,0,0
20:3171337,0,1,1,1,0,0,0,0
20:32295541,0,0,1,1,0,1,1,1
20:33470694,1,1,0,0,1,1,0,1
20:33864484,1,0,0,1,1,1,0,0
20:34294409,0,0,0,1,1,0,1,0
20:35519475,1,1,0,0,0,1,1,1
20:35865054,0,0,0,0,1,0,0,1
20:43708297,0,1,0,0,0,1,0,1
20:47713063,0,1,1,1,1,1,0,1
20:47859217,0,1,1,1,1,1,0,1
20:48266791,0,0,0,0,0,0,1,1
20:54961541,1,0,1,1,1,0,0,1
20:55088404,0,1,1,0,0,1,0,0
20:5571964,1,1,0,1,0,0,0,0
20:57469073,0,1,0,1,0,1,0,0
20:5753579,0,0,1,1,0,1,1,1
20:57569816,1,1,0,1,0,1,1,1
20:8220069,1,1,0,0,1,0,0,1
21:26965148,0,1,1,0,1,1,0,1
21:30341891,1,1,0,1,0,0,1,1
21:30408670,0,0,1,0,0,1,0,1
21:34669381,0,1,0,1,1,1,1,1
21:34787312,1,0,0,1,1,0,1,1
21:34809693,0,0,1,0,0,1,0,0
21:35281393,1,1,1,0,0,0,1,0
21:37518706,0,0,1,1,1,1,0,1
21:43428270,1,1,1,0,0,1,0,0
21:44270229,0,1,1,1,0,0,0,0
21:44324365,1,1,0,0,0,1,1,0
21:45404338,0,0,0,1,0,0,0,1
21:45615561,1,1,1,1,1,0,1,0
21:46349496,1,0,0,1,1,1,1,0
21:46932328,1,1,1,1,0,1,1,0
21:47777063,0,0,0,1,0,0,1,1
21:48063476,1,0,0,0,0,0,0,1
22:20876509,0,1,0,1,1,0,1,1
22:24108977,0,0,0,1,0,0,0,1
22:24964128,1,0,0,0,0,0,1,0
22:27240293,0,1,0,0,1,1,1,0
22:30184950,1,0,0,1,1,1,1,0
22:36556823,0,1,1,1,0,0,0,0
22:36622906,1,1,1,1,0,1,1,0
22:36677400,0,0,1,0,1,1,0,1
22:36770038,1,0,1,1,0,1,1,0
22:38879688,0,0,1,0,0,1,0,0
22:39428919,1,1,0,1,1,1,1,1
22:39499763,1,1,1,1,1,1,0,1
22:40654276,1,1,0,0,1,1,0,1
22:40675091,1,1,0,0,1,1,0,1
22:42486723,0,1,1,0,0,0,0,0
22:43558926,0,0,1,0,0,1,0,0
22:43558972,1,0,1,0,0,0,1,0
22:43559137,1,0,1,0,0,0,1,0
22:43562829,0,1,0,1,0,0,0,0
22:44589008,0,1,0,1,1,1,0,0
22:47548321,1,0,0,0,1,1,1,1
22:49965048,0,1,0,1,1,1,0,1
22:50319170,0,0,0,0,0,0,1,1
22:50357416,0,1,1,0,0,1,0,1
22:50642777,0,0,1,1,1,1,0,0
22:50814524,1,1,1,1,0,1,0,1
22:50962208,1,1,0,1,1,1,0,0
22:50966914,1,1,0,1,1,1,0,0
22:50971266,1,0,0,1,1,1,0,0
2:100405753,1,1,0,1,1,0,0,0
2:10050947,1,1,1,0,1,1,0,0
2:101622728,0,0,1,1,0,1,0,1
2:102508146,0,1,1,1,1,0,0,1
2:11300732,0,0,1,1,1,0,1,0
2:113410015,0,1,1,1,1,1,1,0
2:113891412,0,1,0,1,1,0,1,0
2:118575215,1,1,1,1,1,0,0,1
2:120060082,1,0,0,0,1,1,1,0
2:127453664,0,1,1,1,0,1,0,1
2:128063945,0,1,0,1,0,1,0,0
2:128522207,1,0,0,1,0,0,0,0
2:144282793,0,1,0,1,1,1,1,0
2:148817543,0,0,1,0,0,0,0,0
2:161163559,1,1,0,1,1,1,1,0
2:161180007,0,1,1,1,1,1,0,1
2:162092640,1,1,1,1,0,0,1,0
2:168824134,1,1,1,1,1,0,0,1
2:169597668,1,0,0,1,0,1,1,1
2:169952530,0,0,1,1,1,0,1,0
2:170493103,1,1,1,1,1,1,1,0
2:178196885,1,1,0,0,1,0,0,0
2:181903964,0,1,1,0,1,0,1,0
2:182334873,1,0,0,1,0,0,1,1
2:183642878,0,0,0,1,1,0,1,1
2:191837841,1,1,0,1,1,1,1,1
2:197662526,1,0,1,1,0,0,0,0
2:197870808,1,1,1,0,0,0,1,1
2:204590071,0,1,1,0,1,1,0,0
2:20467929,1,1,0,1,1,1,0,1
2:208477852,0,1,0,0,0,1,0,0
2:208531553,0,1,1,0,1,1,1,0
2:219103580,0,1,0,1,1,1,1,1
2:219259844,1,1,1,1,1,0,0,0
2:220048150,0,1,1,0,0,1,0,1
2:223436607,0,0,0,1,0,1,1,0
2:225365635,1,0,0,1,0,1,1,1
2:225880074,0,0,1,1,1,1,1,1
2:231032372,0,1,1,1,0,1,1,0
2:231072709,0,1,1,1,0,0,0,0
2:231077112,0,1,1,1,1,1,1,0
2:231077676,0,0,0,1,0,0,0,1
2:231091223,0,1,0,0,0,1,1,0
2:231104479,0,0,0,0,1,0,1,1
2:231333763,0,1,0,1,0,1,0,0
2:234075691,0,1,0,0,0,1,1,0
2:241531737,0,1,1,1,1,0,1,0
2:24390517,1,1,1,1,0,0,0,0
2:24925294,0,1,0,0,0,0,0,0
2:277003,1,0,1,0,1,1,1,0
2:29025479,1,1,0,1,0,1,1,1
2:29169612,0,0,1,1,1,1,1,0
2:29372369,0,0,0,1,0,1,0,1
2:3193040,0,0,1,0,0,1,1,1
2:36810586,1,0,1,1,1,0,1,1
2:37872508,0,0,1,0,1,1,0,1
2:38297515,0,0,1,1,0,1,0,0
2:40447587,0,0,1,1,1,0,1,1
2:40628394,0,1,1,1,1,0,0,1
2:47399064,0,1,0,0,0,0,0,1
2:48124504,1,1,1,1,0,0,1,1
2:54278604,1,1,0,1,1,1,1,1
2:54285239,0,1,1,1,1,1,1,0
2:55271875,1,1,0,0,0,1,1,1
2:55771161,1,0,0,0,0,1,1,0
2:65495283,1,0,1,0,1,0,1,1
2:65496018,1,0,1,0,1,0,1,1
2:68385097,1,0,1,1,1,0,1,1
2:68607947,1,0,0,0,1,0,1,1
2:68622914,0,1,0,1,0,1,1,0
2:68624260,0,1,1,1,1,1,0,0
2:69029707,1,1,1,0,0,1,0,1
2:69049941,1,0,0,1,1,0,1,0
2:69053557,1,1,1,1,0,1,1,0
2:70223101,1,1,0,1,1,1,0,1
2:71305456,0,1,1,1,0,0,0,0
2:71376999,1,0,1,0,1,1,0,0
2:7202496,0,1,1,1,1,0,1,1
2:75196731,1,0,0,1,0,1,0,1
2:75882399,1,0,1,1,0,0,1,0
2:7871194,0,1,0,0,0,0,0,0
2:85545490,1,0,0,0,0,1,1,1
2:85554080,0,1,1,1,0,0,1,0
2:85622059,1,0,0,0,0,1,1,1
2:85921761,1,1,0,1,1,1,1,1
2:85924729,1,1,0,1,1,0,0,1
2:87042825,1,1,0,0,0,0,1,0
2:88315993,0,1,1,0,0,0,1,0
2:88326821,1,0,0,1,0,1,1,1
2:99812070,0,1,1,1,0,0,1,0
2:99992822,1,1,1,1,0,0,1,0
3:101177848,0,0,0,0,0,0,1,0
3:101569726,1,0,1,0,0,1,1,1
3:105398047,0,1,0,0,1,1,0,1
3:112185025,1,1,0,0,0,0,1,0
3:121350616,0,1,1,1,0,0,1,1
3:121670405,1,0,1,0,0,1,1,0
3:121838319,0,0,0,0,1,0,1,1
3:122056432,1,1,0,1,0,1,0,0
3:122259606,1,1,1,0,1,1,1,0
3:122449657,0,1,1,1,0,0,1,1
3:127799983,0,1,0,1,0,0,0,1
3:128890350,0,0,0,0,1,1,0,0
3:13357986,1,1,1,1,1,0,0,0
3:134261654,0,1,1,1,1,1,0,0
3:142841740,0,0,1,0,0,1,0,1
3:143478454,1,1,1,0,0,1,1,1
3:14489370,1,1,1,1,0,0,0,0
3:155548882,1,0,0,0,0,0,1,1
3:157928024,0,0,0,1,0,0,1,0
3:160154258,0,0,1,1,0,1,1,0
3:170893070,0,0,0,1,0,1,0,0
3:171087469,0,0,0,0,1,0,0,1
3:172223376,1,1,0,0,0,1,0,0
3:172231986,0,1,1,0,1,0,1,1
3:183477126,1,1,0,1,0,1,0,0
3:184063791,0,0,0,1,0,0,0,0
3:186287649,0,1,0,1,0,1,1,1
3:186301703,0,1,0,1,0,1,1,1
3:186796053,1,0,0,0,1,0,1,0
3:187971048,0,1,0,1,0,0,1,0
3:188552852,1,1,0,0,1,1,1,1
3:193412672,1,1,1,0,0,1,1,1
3:196861043,1,1,0,0,0,1,0,1
3:197566540,0,1,0,0,1,1,1,1
3:20109901,0,0,1,0,0,1,1,1
3:20167830,1,1,0,1,0,0,0,1
3:30663987,0,1,1,1,0,1,0,0
3:41996136,0,0,0,0,1,0,0,0
3:42549343,0,0,1,1,0,0,0,0
3:42636141,0,0,1,0,1,0,1,1
3:45052775,1,1,0,1,1,1,0,0
3:4604297,0,1,0,0,1,1,0,0
3:48787219,0,1,0,0,0,1,0,0
3:49396751,0,1,0,0,0,0,0,0
3:52558008,1,1,1,0,1,1,0,1
3:52720080,1,1,1,1,1,1,0,1
3:52721305,0,1,1,1,1,0,1,1
3:52727257,0,1,1,1,1,0,1,1
3:52740182,0,1,1,1,1,0,1,1
3:53092375,0,1,1,1,0,1,1,1
3:56798129,0,1,1,1,1,1,0,1
3:56861222,1,0,0,1,1,1,1,1
3:57306961,1,0,1,1,1,0,0,0
3:63982082,0,1,1,1,1,0,1,1
3:66428282,1,1,1,0,0,1,1,1
3:69126495,1,1,1,0,1,1,0,1
3:69153854,0,1,0,0,0,1,1,0
3:71266885,0,1,1,1,1,1,1,1
3:9431750,1,1,0,0,0,1,1,0
3:98225441,0,1,0,0,0,1,0,1
3:98298600,0,1,1,0,1,0,1,0
4:102899504,0,0,0,1,0,0,1,0
4:106317429,1,1,0,1,0,1,1,1
4:109003752,1,0,0,1,1,0,1,1
4:110605744,1,0,0,1,1,1,1,0
4:120133892,1,0,0,1,1,0,1,0
4:129803970,0,0,1,1,1,1,0,0
4:143055538,0,1,1,0,1,0,1,0
4:143318673,0,0,1,1,1,1,1,1
4:151312761,0,0,0,0,0,0,1,0
4:153421334,1,0,1,1,1,1,1,0
4:156607143,0,1,1,1,1,1,1,1
4:159045966,1,0,0,1,0,0,1,0
4:159631991,1,0,1,0,0,0,0,0
4:159642576,1,0,1,0,0,0,0,0
4:164435265,0,1,1,0,1,1,0,1
4:164471823,0,1,1,0,1,0,1,0
4:17488132,1,1,1,0,0,1,0,0
4:184426387,1,1,1,1,1,1,0,1
4:185549130,1,1,0,1,1,0,1,1
4:186111639,1,1,0,0,1,1,0,0
4:186320906,0,0,0,0,0,0,1,0
4:190862083,0,0,1,1,0,1,0,1
4:25419283,1,1,1,0,1,0,1,1
4:25749303,1,0,0,1,0,0,1,1
4:25931325,1,1,1,1,0,0,0,0
4:3514695,0,1,1,1,0,0,0,1
4:38666972,0,1,1,0,1,0,1,0
4:39500514,1,1,1,0,0,0,1,1
4:39501086,1,0,0,1,1,1,0,1
4:40222303,0,0,1,1,1,0,0,1
4:42089177,1,0,0,1,0,1,1,1
4:42466641,1,1,1,1,0,0,1,0
4:48115264,1,0,0,0,0,1,1,0
4:6718775,0,0,1,0,1,0,0,1
4:68483472,0,0,0,1,1,0,1,1
4:70592790,1,0,1,0,0,1,1,1
4:76720885,0,1,1,0,1,0,0,1
4:84374480,1,0,0,1,0,1,0,0
4:86756230,0,0,0,1,0,0,1,0
4:90227469,1,0,0,1,1,1,0,1
4:99952710,1,1,1,1,1,1,1,0
5:10239261,1,0,0,0,1,1,1,1
5:10239278,1,0,0,1,0,0,1,1
5:10361110,0,0,0,0,1,0,1,1
5:109113609,1,0,0,1,0,0,0,0
5:112312528,1,1,1,0,1,1,0,1
5:112328377,1,1,1,0,1,1,0,1
5:114546906,0,0,1,0,0,0,0,0
5:115166713,1,0,0,0,0,1,1,1
5:118677093,0,0,1,1,1,1,1,0
5:130604109,1,1,0,0,1,1,0,0
5:131786608,1,1,0,0,1,1,0,0
5:133942492,1,1,0,0,0,0,1,0
5:138632030,1,1,1,0,1,0,0,1
5:145543972,1,1,1,0,0,0,1,0
5:148243473,0,1,1,1,0,0,0,0
5:149776232,0,0,1,1,0,0,0,1
5:149826526,1,0,0,1,0,0,0,0
5:150493725,1,1,1,0,0,1,0,1
5:150572439,0,1,1,0,0,0,0,1
5:154256175,1,1,0,0,1,0,0,0
5:154291409,1,1,0,0,1,0,0,0
5:156742186,0,0,0,1,0,1,0,1
5:156904633,0,1,0,1,1,1,1,1
5:167913510,0,0,1,1,1,1,1,1
5:171597483,0,0,1,1,1,1,0,1
5:172562142,1,1,1,1,0,1,1,0
5:176569188,0,1,0,0,1,1,0,1
5:176689166,0,1,1,0,1,1,1,1
5:177023098,1,1,1,1,1,1,0,1
5:177044707,1,1,1,1,1,1,1,0
5:177637882,0,1,1,1,1,1,1,1
5:179264731,1,1,1,0,0,1,0,0
5:35861068,0,1,0,1,0,0,1,1
5:35871190,0,1,0,1,0,0,1,1
5:35874575,1,0,0,1,0,1,0,0
5:39119723,1,0,0,1,1,0,0,1
5:40689996,0,0,1,0,1,0,1,0
5:43039793,1,0,0,1,0,0,1,0
5:52398005,0,0,0,1,0,0,0,0
5:52979097,1,1,1,0,0,1,1,0
5:53399217,1,1,1,0,0,1,0,0
5:54403957,0,0,1,0,0,0,0,0
5:5449367,1,0,0,1,1,1,1,1
5:54603822,0,0,1,1,1,0,1,0
5:55262660,1,1,0,1,0,1,0,0
5:64881936,1,0,1,1,1,0,1,0
5:70806457,1,1,1,0,0,1,1,1
5:71515616,1,0,0,1,1,1,1,1
5:71526092,0,1,0,0,0,0,0,1
5:73598221,1,0,1,0,1,1,1,1
5:74069863,1,1,1,0,1,1,1,0
5:75856455,0,1,1,1,1,0,1,1
5:76171252,1,0,0,0,1,0,0,1
5:7859434,1,0,0,0,0,0,1,1
5:7868030,1,0,0,1,1,0,0,1
5:79525305,0,0,1,0,1,0,1,1
5:80904309,0,1,1,1,0,1,1,0
5:81571669,0,1,0,1,0,1,0,1
5:82871546,1,0,0,1,0,1,1,0
5:96031569,1,0,0,0,1,1,1,0
5:96032095,1,1,0,1,0,0,1,1
5:96216387,0,0,1,1,0,0,1,1
6:10571992,0,1,0,1,1,0,1,1
6:108026146,0,0,0,0,1,0,1,1
6:10829319,0,0,1,1,1,1,0,1
6:112101725,0,1,1,1,1,0,1,0
6:116784850,0,0,0,0,0,1,0,0
6:126661502,0,0,0,0,0,0,1,0
6:132781339,1,0,1,0,1,1,1,1
6:139095721,0,0,1,1,1,1,0,1
6:139645671,0,0,0,1,0,1,0,0
6:143270247,0,0,0,1,1,0,0,1
6:143661166,0,1,0,1,1,0,0,1
6:143796333,0,1,1,1,0,0,1,1
6:143816859,1,1,0,1,0,1,1,0
6:144150609,0,0,0,0,1,0,0,1
6:146868048,1,0,1,0,1,1,0,1
6:150114745,1,1,1,0,0,1,0,0
6:155606325,1,1,1,0,0,1,0,0
6:157223707,0,0,1,0,0,1,0,0
6:159456266,1,0,1,0,1,0,1,1
6:160147507,1,1,1,0,1,0,1,1
6:160161225,1,1,1,0,1,0,1,1
6:163891894,1,0,0,0,0,1,1,0
6:16670279,0,1,1,1,0,0,1,0
6:167240499,1,1,1,0,1,1,0,0
6:167271716,0,1,1,0,0,1,0,0
6:170849476,0,0,1,0,1,0,0,1
6:170886531,0,0,1,0,1,0,0,1
6:2059110,0,0,0,1,0,1,1,1
6:26404958,0,1,0,0,0,1,0,0
6:2886067,0,1,0,1,0,0,0,0
6:2887652,1,1,1,1,0,0,1,0
6:34214322,0,1,0,1,0,0,1,0
6:36462007,0,0,0,1,1,1,1,1
6:36466787,1,0,1,0,0,0,1,0
6:36999579,0,0,1,1,1,0,0,1
6:36999682,0,0,0,1,0,0,0,0
6:38670837,0,1,1,1,1,1,0,1
6:4031998,0,1,1,1,0,0,1,1
6:4116262,0,1,0,1,0,1,1,1
6:42025318,0,0,0,0,1,1,0,1
6:46672943,0,0,0,1,0,1,0,0
6:486193,1,0,0,1,0,1,0,1
6:71570641,0,0,1,1,1,1,0,0
6:7590624,0,0,1,0,0,1,1,1
6:90039670,1,1,1,1,0,1,0,0
6:90347511,0,1,1,1,0,0,1,1
6:90912594,1,1,0,0,1,1,1,1
6:97339078,0,1,1,1,1,1,0,1
6:97339088,0,0,0,0,0,0,1,0
7:100804430,0,1,0,1,0,0,1,0
7:102040551,0,0,0,1,0,0,1,1
7:102113909,0,0,0,1,1,0,1,0
7:1036851,0,0,1,0,1,1,1,0
7:106954721,0,0,1,0,1,0,0,0
7:110843795,0,0,0,1,1,1,1,0
7:115897884,0,1,1,1,0,1,1,0
7:127950725,0,0,0,1,1,1,1,1
7:129586354,1,1,0,0,1,0,0,1
7:130008285,0,1,0,0,0,1,0,0
7:130589791,1,1,1,1,0,0,1,0
7:130664881,1,1,0,1,0,1,1,0
7:130678154,1,0,0,1,1,0,1,0
7:137600690,1,0,0,1,1,1,1,1
7:142500409,1,1,1,0,1,0,1,0
7:150217248,0,0,1,1,1,1,1,1
7:150217309,1,0,0,1,0,0,0,1
7:150390504,1,1,1,0,1,1,1,1
7:150501516,1,0,0,1,1,0,1,0
7:158546543,0,1,0,0,1,0,1,1
7:18427315,1,0,1,0,1,0,1,1
7:27904674,1,0,0,1,1,1,1,1
7:28028227,1,0,1,0,0,1,0,1
7:29070209,1,1,1,0,1,0,0,0
7:29070320,1,0,0,0,0,0,1,0
7:29186256,1,0,0,1,0,1,1,1
7:30544360,1,1,0,1,1,0,1,1
7:36556593,1,1,1,0,1,0,1,0
7:36576068,0,1,1,0,1,1,0,1
7:36757463,0,1,1,1,0,0,1,0
7:38412988,1,0,1,1,1,0,1,0
7:40056118,0,0,0,1,0,1,0,1
7:43655211,1,0,1,1,0,1,0,0
7:44808091,1,1,1,1,1,1,0,0
7:45004063,0,0,1,0,0,1,1,0
7:45139892,0,0,1,0,0,1,1,0
7:50469981,0,0,1,0,0,0,0,0
7:55841188,0,0,0,0,1,0,0,0
7:6063283,0,1,0,1,1,1,1,1
7:64465502,0,1,1,1,1,0,1,1
7:65425894,1,0,1,0,1,1,0,0
7:66472198,1,0,0,1,1,1,1,1
7:75616105,1,1,1,0,1,0,1,1
7:77233827,1,1,0,0,0,0,0,0
7:7918642,1,1,0,0,1,1,0,1
7:8007509,1,1,0,1,1,1,1,1
7:91570290,1,1,0,0,0,1,0,1
7:92734451,1,1,1,1,0,0,0,1
7:98610684,0,0,0,1,0,0,0,1
8:101934971,1,1,0,0,0,1,1,0
8:10286273,0,1,0,1,1,1,1,1
8:11696352,1,1,1,1,1,0,1,1
8:11696492,0,0,0,1,0,0,1,1
8:117864217,1,0,0,0,0,1,1,1
8:118934480,0,1,0,0,1,0,0,1
8:123821456,1,1,1,1,1,0,0,1
8:124027562,0,0,0,0,1,0,0,0
8:125562029,0,1,1,0,1,0,0,0
8:126962912,0,0,0,0,1,0,1,1
8:141622537,0,0,0,1,0,1,1,1
8:144662353,1,0,1,0,1,1,0,1
8:17800896,1,0,1,1,1,0,0,1
8:17913970,1,0,1,0,1,0,1,1
8:17927327,1,0,1,1,1,0,1,1
8:17928811,1,0,1,1,1,0,1,1
8:21964561,1,1,0,0,0,1,1,1
8:22926313,0,1,1,0,0,1,1,0
8:23104195,1,1,1,1,1,1,1,0
8:23150878,1,0,1,1,1,1,1,0
8:27402132,0,1,1,1,0,1,1,1
8:27630152,0,1,1,1,0,0,0,0
8:28935457,0,1,1,1,1,0,1,1
8:32541216,1,1,1,0,1,1,1,0
8:37718468,0,1,0,1,0,0,1,1
8:56686224,0,1,0,0,0,0,0,0
8:6391302,0,1,0,0,1,1,1,1
8:67380863,0,0,1,1,1,1,0,1
8:71486085,1,0,0,0,1,1,1,0
8:74893821,1,0,0,1,0,0,0,0
8:74893850,1,0,0,1,0,0,0,0
8:77896845,0,0,0,1,1,0,0,1
8:81971745,0,1,1,1,1,0,1,0
8:82614003,0,0,1,1,1,0,1,1
8:9931941,0,0,0,1,1,0,1,0
8:9971054,0,0,0,1,1,0,1,0
9:100666931,0,0,1,0,0,1,0,1
9:114980967,1,0,0,1,1,0,1,0
9:115531238,0,1,1,1,0,0,0,0
9:117360729,0,1,1,0,1,0,0,0
9:123860689,0,1,1,0,1,1,1,1
9:123914592,1,0,1,1,1,1,0,0
9:125713526,0,0,0,1,1,0,0,1
9:127113660,0,0,0,0,1,1,0,1
9:130552179,1,0,1,1,1,1,0,1
9:130576075,1,0,1,1,1,1,0,1
9:132662786,1,1,1,0,0,0,1,0
9:136227260,0,1,1,1,1,1,1,1
9:137332311,0,0,0,0,1,0,0,1
9:139256468,0,0,0,0,0,1,0,0
9:139256495,1,0,0,0,1,0,0,0
9:139317823,1,0,0,1,0,1,1,0
9:139876141,0,1,1,1,1,0,1,0
9:140006202,1,0,1,1,0,1,1,1
9:140449582,1,1,0,1,0,1,1,0
9:2172103,1,1,0,1,1,0,1,1
9:2177391,1,0,0,0,0,0,0,1
9:27546890,1,1,1,0,1,0,1,1
9:27560594,1,1,1,1,1,0,1,1
9:27561049,0,0,1,1,0,0,0,0
9:303639,1,0,0,0,0,0,0,0
9:34017106,0,1,1,1,1,1,1,0
9:35056961,1,1,0,0,0,1,0,0
9:3670864,1,0,1,0,1,1,1,0
9:423052,1,1,1,1,1,0,1,0
9:464920,0,0,1,0,0,0,1,0
9:5335470,0,0,1,1,1,0,1,1
9:74969864,1,0,1,1,1,0,0,1
9:79954545,0,1,1,1,0,1,1,0
9:80613593,1,1,0,1,0,1,1,1
9:83284684,0,0,0,0,1,1,1,1
9:90133673,0,1,0,0,1,1,1,0
9:90308000,0,1,1,1,0,1,0,0
9:91953252,1,0,1,0,1,1,1,1
9:96931807,0,0,0,0,1,1,1,1
9:97365642,0,1,1,0,1,1,1,1
X:100604681,1,0,0,0,0,0,1,1
X:102930960,0,0,1,0,0,0,0,1
X:129490527,0,0,1,0,0,1,0,1
X:47483800,0,0,0,0,0,1,0,0
X:73224352,1,1,1,1,0,0,0,0
X:76937963,1,0,0,1,0,1,0,0
X:78616350,0,0,0,1,1,0,1,0
